step_index,old_radius_m,new_radius_m,dt_total_s,sensible_energy_old_J,sensible_energy_new_J,delta_sensible_energy_J,conductive_boundary_heat_J,latent_heat_J,residual_J,relative_residual,linear_storage_delta_last_J,linear_boundary_heat_last_J,linear_solver_relative_residual_last,linear_storage_boundary_balance_relative_last,internal_radial_flux_abs_last_W,internal_axial_flux_abs_last_W,picard_calls
1,0.02,0.02,300.0,0.0,210.910085705315,210.910085705315,210.91008720012496,0.0,-1.4948099646971968e-06,7.087427559966943e-09,210.910085705315,210.91008720012496,2.9804316399893895e-11,7.087427559966943e-09,1.2335437414256933,0.033944697659914105,5
2,0.02,0.02,300.0,210.91008570399225,557.578362195328,346.6682764913358,349.8297577633401,0.0,-3.1614812720043233,0.009037199385831167,349.8297555779798,349.8297577633401,3.987296921720209e-11,6.2469251203271245e-09,2.3267952847734517,0.07048178531985963,5
3,0.02,0.02,300.0,557.5783621862672,1014.3607603547035,456.7823981684363,463.8776342160912,0.0,-7.0952360476549075,0.015295490716307496,463.87763110925016,463.8776342160912,4.9337419627448655e-11,6.697544426295446e-09,3.282200348199216,0.1055213056195559,5
4,0.02,0.02,300.0,1014.360760333213,1566.0499927871406,551.6892324539276,563.2893381595982,0.0,-11.600105705670558,0.020593511930424416,563.2893344141382,563.2893381595982,3.770071021897964e-11,6.649264740793383e-09,4.129239887788799,0.13846743118714164,5
5,0.02,0.02,300.0,1566.0499927508042,2149.6277022881864,583.5777095373821,600.1860032045972,0.0,-16.608293667215094,0.027671911005151345,600.185999052352,600.1860032045972,3.547141527398398e-11,6.918263962162586e-09,4.578246629788229,0.16049551090833933,5
6,0.02,0.02,300.0,2149.62770223566,2775.7679877139767,626.1402854783169,647.622365840419,0.0,-21.482080362102124,0.033170689425194334,647.622361651974,647.622365840419,3.4357760072456276e-11,6.467418729333453e-09,5.003375620215685,0.18020668933520745,5
7,0.02,0.02,300.0,2775.7679877380124,3386.636663404047,610.8686756660345,637.4201429960815,0.0,-26.55146733004699,0.04165457841549606,637.4201385748094,637.4201429960815,3.417380708015558e-11,6.93619771247274e-09,5.063336713851337,0.18877792653721354,5
8,0.02,0.02,300.0,3386.6366634371952,3994.2661328229897,607.6294693857944,638.8933065118849,0.0,-31.263837126090493,0.048934363230034736,638.8933023891684,638.8933065118849,3.595737144044042e-11,6.452902975152349e-09,5.112242642404546,0.194787573340445,5
9,0.02,0.02,300.0,3994.266132893459,4588.23955843884,593.9734255453805,629.8594155916222,0.0,-35.88599004624177,0.05697460283662559,629.8594115987444,629.8594155916222,4.46538299629907e-11,6.339315967560387e-09,5.0829495829444955,0.19737962565145,5
10,0.02,0.02,300.0,4588.23955847499,5125.399800524983,537.160242049993,577.504419367335,0.0,-40.34417731734197,0.06985951269695848,577.5044155393769,577.504419367335,4.5344849284045237e-11,6.628448241691012e-09,4.768501264877699,0.19063599099592698,5
11,0.02,0.02,300.0,5125.399800531377,5643.759083487374,518.3592829559966,562.6155761076527,0.0,-44.25629315165611,0.07866169198128985,562.6155729531738,562.6155761076527,4.361945136108218e-11,5.606810497321685e-09,4.61814381920404,0.18653323101583028,5
12,0.02,0.02,300.0,5643.7590835077135,6112.04402169501,468.2849381872966,516.3556894613226,0.0,-48.070751274026065,0.09309619755361828,516.3556865939004,516.3556894613226,3.857097356737379e-11,5.553191968541377e-09,4.300582284212762,0.17726718581223302,5
13,0.02,0.02,300.0,6112.044021673334,6530.09488335652,418.05086168318576,469.5039362334262,0.0,-51.453074550240444,0.10959029430726476,469.5039337834739,469.5039362334262,3.606176035263202e-11,5.218172053877921e-09,3.9450299120356753,0.16570022051897476,5
14,0.02,0.02,300.0,6530.094883225254,6891.003467757105,360.90858453185047,415.34622637636807,0.0,-54.4376418445176,0.1310656950454358,415.34622417098814,415.34622637636807,4.615435501295405e-11,5.309738691249154e-09,3.531462792448392,0.15159347689659464,5
15,0.02,0.02,300.0,6891.003467580152,7212.230790347692,321.2273227675405,378.1995491810285,0.0,-56.97222641348799,0.15064065130923182,378.199547326254,378.1995491810285,4.4248462582542476e-11,4.904221857971724e-09,3.2072650202915907,0.13925495219879547,5
16,0.02,0.02,300.0,7212.230790148207,7505.818315501763,293.587525353556,352.7993162797431,0.0,-59.21179092618712,0.16783419976708985,352.79931461926503,352.7993162797431,4.4001213842466534e-11,4.706579593502698e-09,2.9711842065189473,0.12938358643726433,5
17,0.02,0.02,300.0,7505.818315307982,7738.149478494192,232.3311631862107,293.5679531721777,0.0,-61.23678998596699,0.20859494139011692,293.5679519070922,293.5679531721777,3.462718783157742e-11,4.309344596893327e-09,2.5463420713584157,0.1142502999509501,5
18,0.02,0.02,300.0,7738.149478270175,7938.840876555528,200.691398285353,263.48434931250813,0.0,-62.79295102715514,0.23831757442518517,263.4843482583146,263.48434931250813,3.257603574515513e-11,4.000972161836755e-09,2.263904837846358,0.10242558221134361,5
19,0.02,0.02,300.0,7938.8408763813795,8124.403199407447,185.56232302606713,249.66317887677653,0.0,-64.1008558507094,0.256749337804222,249.66317785913338,249.66317887677653,3.2261783379151794e-11,4.076064190421349e-09,2.1069039057316816,0.09453900153363475,5
20,0.02,0.02,300.0,8124.403199294757,8287.37313833717,162.9699390424139,228.24866331012225,0.0,-65.27872426770836,0.2859982762703584,228.24866198937508,228.24866331012225,3.97148356410377e-11,5.786439905915962e-09,1.931500595100412,0.08674253950533009,5
21,0.02,0.02,300.0,8287.373138244195,8413.060909561133,125.68777131693787,191.98663772845393,0.0,-66.29886641151606,0.3453306292351931,191.9866367801749,191.98663772845393,3.058405972372366e-11,4.93929699756669e-09,1.6641436146691067,0.07643830058730025,5
22,0.02,0.02,300.0,8413.06090947452,8504.218218379037,91.15730890451778,158.1935094283841,0.0,-67.03620052386631,0.4237607520440927,158.1935087473806,158.1935094283841,2.33550577692231e-11,4.304876269422358e-09,1.3933920377640407,0.06573174695341233,5
23,0.02,0.02,300.0,8504.218218311806,8588.745317541492,84.52709922968643,151.99052788833194,0.0,-67.46342865864551,0.44386600662517056,151.99052719272078,151.99052788833194,2.1893120629900133e-11,4.576674434924197e-09,1.2904834126399183,0.05982831656657735,5
24,0.02,0.02,300.0,8588.745317509547,8642.30581385651,53.56049634696319,121.42543982012175,0.0,-67.86494347315856,0.5589021837079026,121.42543797238366,121.42543982012175,3.173365616660998e-11,1.521705907155552e-08,1.070768837511983,0.05120133548043494,5
25,0.02,0.02,300.0,8642.305813817704,8676.353380530229,34.04756671252471,102.02460813597324,0.0,-67.97704142344853,0.6662808381763364,102.02460614270396,102.02460813597324,3.925945895600297e-11,1.9537142223114312e-08,0.9002359765177095,0.04378179703119628,5
26,0.02,0.02,300.0,8676.353380507499,8685.27684533337,8.923464825871633,76.8809960004879,0.0,-67.95753117461626,0.8839314617384119,76.88099366730546,76.8809960004879,3.185791249909768e-11,3.034797359508792e-08,0.7022703012311402,0.03572953505069479,5
27,0.02,0.02,300.0,8685.276845331806,8679.249278649697,-6.027566682108954,61.667773087193105,0.0,-67.69533976930205,1.097742570881982,61.667772130888935,61.667773087193105,2.6950930750539665e-11,1.5507356958103275e-08,0.5611490677959077,0.029304305365810725,5
28,0.02,0.02,300.0,8679.24927864899,8681.615657544908,2.3663788959183876,69.70640982627391,0.0,-67.34003093035552,0.9660522052159047,69.70640967365424,69.70640982627391,3.038620015520137e-11,2.1894640288713736e-09,0.5755527599354353,0.027724434855057534,5
29,0.02,0.02,300.0,8681.615657539778,8666.024703637499,-15.59095390227958,51.457163638710945,0.0,-67.04811754099052,1.3029889873399587,51.45716391382219,51.457163638710945,3.189702897007875e-11,5.346412950808684e-09,0.4596228192066002,0.02313836643818287,5
30,0.02,0.02,300.0,8666.02470363119,8666.491904122939,0.46720049174837186,67.08702996164038,0.0,-66.61982946989201,0.9930359043765165,67.0870309296779,67.08702996164038,3.0862746732965845e-11,1.442957749164242e-08,0.5319128394740482,0.02391031374717214,5
31,0.02,0.02,300.0,8666.491904115172,8650.195592536851,-16.296311578320456,49.99214009716641,0.0,-66.28845167548687,1.3259774745919337,49.99214100307552,49.99214009716641,3.3089627481849635e-11,1.8121030345961482e-08,0.4366421871262594,0.020587924289695483,5
32,0.02,0.02,300.0,8650.19559252717,8606.660625656192,-43.53496687097868,22.298030104174757,0.0,-65.83299697515343,1.5121866790494582,22.298030937984514,22.298030104174757,2.3056502622302427e-11,3.739387390564318e-08,0.24557672145015375,0.014060160484217973,5
33,0.02,0.02,300.0,8606.660625646582,8569.967076027722,-36.693549618859834,28.498888626559907,0.0,-65.19243824541974,1.7766729826517513,28.498890772934793,28.498888626559907,3.585687535007901e-11,7.531433075506402e-08,0.2433364270874931,0.012586780173383182,5
34,0.02,0.02,300.0,8569.967076014704,8526.358742304896,-43.608333709807994,20.95557865852629,0.0,-64.56391236833429,1.4805406874285856,20.95558055014996,20.95557865852629,3.624288981100039e-11,9.026825419589672e-08,0.19060085046016084,0.010247199677376348,5
35,0.02,0.02,300.0,8526.358742288325,8471.599281531722,-54.75946075660249,9.146878048439836,0.0,-63.90633880504233,1.1670374017943004,9.146879064229463,9.146878048439836,2.4853176718427224e-11,1.1105313839858074e-07,0.10489038135479707,0.006943203675189868,5
36,0.02,0.02,300.0,8471.599281509178,8445.51676665143,-26.08251485774781,37.08268777541831,0.0,-63.16520263316612,1.703360959586042,37.08269021196179,37.08268777541831,4.339658094629539e-11,6.570568285645437e-08,0.2603505003810759,0.010672104141154066,5
37,0.02,0.02,300.0,8445.516766619825,8404.912349636712,-40.60441698311297,22.02022814139974,0.0,-62.62464512451271,1.542311151778334,22.020230581877204,22.02022814139974,3.0961252359635384e-11,1.1082887864001313e-07,0.1946770021315829,0.00891936784089987,5
38,0.02,0.02,300.0,8404.912349609056,8370.645509884785,-34.26683972427054,27.702605289887344,0.0,-61.969445014157884,1.808437705746939,27.702608596112405,27.702605289887344,3.774022507130793e-11,1.193470661569223e-07,0.2199507618030473,0.009328353330817614,5
39,0.02,0.02,300.0,8370.645509855894,8306.092561708894,-64.55294814700028,-3.165583844092663,0.0,-61.38736430290761,0.9509614365422322,-3.165584338125264,-3.165583844092663,2.6884025811318202e-11,1.5606363574034434e-07,0.04072760446397561,0.003978912709131052,5
40,0.02,0.02,300.0,8306.092561621075,8264.22005800777,-41.872503613305526,18.69388793841055,0.0,-60.56639155171608,1.4464478195774837,18.693889554040364,18.69388793841055,3.778631144775134e-11,8.642555677752067e-08,0.13044826231695164,0.005661567357147545,5
41,0.02,0.02,300.0,8264.220057968036,8200.675378893335,-63.54467907470098,-3.6690287539950157,0.0,-59.875650320705965,0.9422606454636142,-3.6690294180494147,-3.6690287539950157,3.382407988068751e-11,1.8098911820048278e-07,0.021151657897313644,0.002823114993697418,5
42,0.02,0.02,300.0,8200.675378795786,8154.934910308373,-45.74046848741273,13.329484366124367,0.0,-59.069952853537096,1.291415562780965,13.329485885960192,13.329484366124367,3.314257318223162e-11,1.1402058850544599e-07,0.08889980815415784,0.003776245264080818,5
43,0.02,0.02,300.0,8154.9349102279775,8108.605818978808,-46.32909124916932,12.059678438531977,0.0,-58.3887696877013,1.2603046620032332,12.059681160238469,12.059678438531977,3.114795159572106e-11,2.2568643863944227e-07,0.09467120023186851,0.0039920089899877186,5
44,0.02,0.02,300.0,8108.605818889622,8045.864165253055,-62.74165363656721,-5.012279758166877,0.0,-57.72937387840033,0.9201124059113799,-5.012281005261904,-5.012279758166877,3.52838174862386e-11,2.488078830872544e-07,0.020097110361879493,0.0019832845382515025,5
45,0.02,0.02,300.0,8045.864165136037,8006.406826037824,-39.45733909821229,17.458553388370916,0.0,-56.9158924865832,1.4424665673707815,17.458555669829362,17.458553388370916,3.2043498553870377e-11,1.3067853316786348e-07,0.11072293500979337,0.003939420253598431,5
46,0.02,0.02,300.0,8006.406825949094,7937.444353295938,-68.96247265315651,-12.681098791022606,0.0,-56.281373862133904,0.8161159496875701,-12.68110124121811,-12.681098791022606,3.333534440332865e-11,1.9321630335247274e-07,0.05750970310929718,0.0022491631230997706,5
47,0.02,0.02,300.0,7937.444353210671,7894.74531190539,-42.69904130528084,12.748362071682688,0.0,-55.447403376963535,1.2985631920992575,12.74836405605835,12.748362071682688,4.311263484984997e-11,1.5565727903579308e-07,0.0718643098948209,0.002427428493356745,5
48,0.02,0.02,300.0,7894.745311801085,7850.630837742818,-44.11447405826766,10.693519395178159,0.0,-54.80799345344582,1.2424038736368896,10.693522415626967,10.693519395178159,3.57122248434086e-11,2.824559290197633e-07,0.08087683164120085,0.0029763585057153057,5
49,0.02,0.02,300.0,7850.630837621922,7793.957231239913,-56.673606382008984,-2.5365489022773873,0.0,-54.137057479731595,0.9552428535219771,-2.5365496669129404,-2.5365489022773873,3.618873603257438e-11,3.014471047307216e-07,0.011866474300242251,0.0010449645049619685,5
50,0.02,0.02,300.0,7793.9572311401935,7738.880596983161,-55.07663415703246,-1.6860455365103306,0.0,-53.39058862052213,0.9693872807894699,-1.6860445392299643,-1.6860455365103306,4.1363303237008875e-11,5.914907662294991e-07,0.008863380119589991,0.0008249009188941692,5
51,0.02,0.02,300.0,7738.880596882413,7684.957210695906,-53.92338618650683,-1.2653211311622408,0.0,-52.65806505534459,0.9765348354276969,-1.2653239557049654,-1.2653211311622408,4.998668008031316e-11,2.232268433601412e-06,0.00887867783606729,0.0006626887298509013,5
52,0.02,0.02,300.0,7684.957210588251,7632.027817750241,-52.929392838009335,-0.9929024637992742,0.0,-51.93649037421006,0.9812410003107714,-0.9929057515707399,-0.9929024637992742,4.402652815271773e-11,3.3112623837075914e-06,0.007881553166160009,0.000534930744888591,5
53,0.02,0.02,300.0,7632.02781763431,7580.009851104311,-52.017966529999285,-0.7931571354975331,0.0,-51.224809394501754,0.9847522464177813,-0.7931597796104211,-0.7931571354975331,3.5627731298150854e-11,3.33364469044504e-06,0.006603959802241053,0.00041404148316950026,5
54,0.02,0.02,300.0,7580.009850979273,7528.848961423278,-51.16088955599571,-0.6384235665423722,0.0,-50.52246598945334,0.9875212575058216,-0.6384256163447806,-0.6384235665423722,2.95508686736881e-11,3.2107145388397913e-06,0.005427490418824458,0.0003280342441871436,5
55,0.02,0.02,300.0,7528.848961288192,7478.504235529337,-50.34472575885502,-0.5156444459535127,0.0,-49.82908131290151,0.9897577265904003,-0.5156468722832644,-0.5156444459535127,4.0556609822107314e-11,4.705409616929428e-06,0.004429796825945181,0.0002675756324671041,5
56,0.02,0.02,300.0,7478.504235383105,7428.94272056636,-49.56151481674533,-0.41716036928167133,0.0,-49.144354447463655,0.9915829778241417,-0.4171634925788246,-0.41716036928167133,3.381454303491835e-11,7.486985819368111e-06,0.0036061014046806523,0.0002150899051643145,5
57,0.02,0.02,300.0,7428.942720407602,7380.136938772569,-48.80578163503287,-0.33775373936590947,0.0,-48.468027895666964,0.9930796367141169,-0.33775634500037527,-0.33775373936590947,2.7226184330441368e-11,7.714538910584172e-06,0.002932365303809279,0.00017122288014839623,5
58,0.02,0.02,300.0,7380.136938599859,7332.063503619531,-48.073434980327875,-0.27355764933178783,0.0,-47.79987733099609,0.994309588040802,-0.27356062069292797,-0.27355764933178783,3.399217732222375e-11,1.0861801426717153e-05,0.0023830927899811784,0.00013538304429499938,5
59,0.02,0.02,300.0,7332.063503431097,7284.702223579345,-47.36127985175244,-0.22158253521218246,0.0,-47.13969731654026,0.9953214411454722,-0.22158558821995367,-0.22158253521218246,3.02833437499157e-11,1.3778006935057012e-05,0.0019358254053811696,0.00010652523853842076,5
60,0.02,0.02,300.0,7284.702223373238,7238.035454904798,-46.66676846843984,-0.17946739891764465,0.0,-46.487301069522196,0.9961542784125064,-0.17946990736177765,-0.17946739891764465,2.4435919595823644e-11,1.3976962321243123e-05,0.001571805057747284,8.605632788415187e-05,5
61,0.02,0.02,300.0,7238.0354546787885,7192.047609857271,-45.98784482151768,-0.1453267366839563,0.0,-45.84251808483373,0.9968398880780784,-0.14532910908619884,-0.1453267366839563,3.616817753852852e-11,1.6324343123428723e-05,0.001275632806154059,6.953263554029637e-05,5
62,0.02,0.02,300.0,7192.047609608939,7146.724775315675,-45.32283429326344,-0.11764542253927547,0.0,-45.205188870724164,0.997404279225389,-0.11764736261755174,-0.11764542253927547,2.9225834744976894e-11,1.649062276536627e-05,0.0010347408612783957,5.594757325486914e-05,5
63,0.02,0.02,300.0,7146.724775042251,7102.054407807207,-44.67036723504407,-0.09520121496814228,0.0,-44.575166020075926,0.9978688060819555,-0.0952026869006943,-0.09520121496814228,3.05458107571206e-11,1.5461040018334475e-05,0.0008388834153070083,4.4861142640902206e-05,5
64,0.02,0.02,300.0,7102.054407505523,7058.025089934314,-44.0293175712095,-0.07700566103410937,0.0,-43.952311910175396,0.9982510366891432,-0.07700686318842852,-0.07700566103410937,2.4685966049974513e-11,1.5611002310338752e-05,0.0006797046307881437,3.586722836223389e-05,5
65,0.02,0.02,300.0,7058.025089601069,7014.626334501927,-43.39875509914236,-0.06225791716940207,0.0,-43.33649718197296,0.9985654446302162,-0.06225878654179423,-0.06225791716940207,2.2217388455541944e-11,1.3963850573536822e-05,0.0005503991161115469,2.8605579906190987e-05,5
66,0.02,0.02,300.0,7014.626334133466,6971.848424634077,-42.77790949938935,-0.05030846853000318,0.0,-42.72760103085935,0.9988239614997848,-0.05030933065304242,-0.05030846853000318,2.130538549438651e-11,1.713644423499586e-05,0.00044541318282576546,2.2765470299860582e-05,5
67,0.02,0.02,300.0,6971.848424226579,6929.682285131705,-42.16613909487387,-0.040630120046580676,0.0,-42.12550897482729,0.9990364277849778,-0.04063082376075514,-0.040630120046580676,1.7058035043227913e-11,1.7319712211865257e-05,0.0003602181094200951,1.8084282126390736e-05,5
68,0.02,0.02,300.0,6929.6822846809655,6888.119376195818,-41.56290848514709,-0.032794692397918136,0.0,-41.53011379274917,0.9992109625242025,-0.03279527202939851,-0.032794692397918136,1.3569007433646698e-11,1.7674239135930635e-05,0.00029112502294041827,1.4554016032089552e-05,5
69,0.02,0.02,300.0,6888.119375697463,6847.151607947247,-40.9677677502159,-0.026454370293943028,0.0,-40.94131337992196,0.9993542638091674,-0.026454074565965095,-0.026454370293943028,3.009029633466296e-11,1.1178794832246233e-05,0.00023513188047058568,1.1722183566270326e-05,5
70,0.02,0.02,300.0,6847.151607396573,6806.771266973701,-40.380340422871996,-0.02132667767841204,0.0,-40.359013745193586,0.9994718549310116,-0.02132642385339567,-0.02132667767841204,2.4834648313911796e-11,1.1901760799188976e-05,0.00018977519790235473,9.42404496319597e-06,5
71,0.02,0.02,300.0,6806.771266366165,6766.970960845863,-39.80030552030166,-0.017181950419678318,0.0,-39.78312356988199,0.9995682960169511,-0.01718173807051001,-0.017181950419678318,2.0425823247369894e-11,1.235885118519974e-05,0.0001530599933316147,7.5639298538097714e-06,5
72,0.02,0.02,300.0,6766.970960176692,6727.74356910162,-39.227391075071864,-0.013833643389173521,0.0,-39.21355743168269,0.9996473473506636,-0.013833515356536619,-0.013833643389173521,2.5365419295041392e-11,9.255163900086012e-06,0.0001233646676969088,6.061833081057782e-06,5
73,0.02,0.02,300.0,6727.74356836605,6689.08220351417,-38.661364851879625,-0.011130479519332513,0.0,-38.650234372360295,0.9997121032958362,-0.011130368571840778,-0.011130479519332513,2.0758019163694253e-11,9.967898646482706e-06,9.935698479161933e-05,4.851300651219783e-06,5
74,0.02,0.02,300.0,6689.082202707577,6650.980175555419,-38.10202715215837,-0.008949504483636532,0.0,-38.09307764767473,0.9997651173663832,-0.008949119821160086,-0.008949504483636532,1.8312443723185606e-11,4.298142731247257e-05,7.996627509208453e-05,3.877666432226363e-06,5
75,0.02,0.02,300.0,6650.98017467343,6613.4309682348685,-37.54920643856167,-0.0071910139814289065,0.0,-37.54201542458024,0.9998084909199562,-0.007190698245331129,-0.0071910139814289065,1.4889658780668644e-11,4.390703433376928e-05,6.431219830391415e-05,3.095710433250885e-06,5
76,0.02,0.02,300.0,6613.4309672735,6576.428214542413,-37.00275273108673,-0.00577412457935994,0.0,-36.99697860650737,0.999843954188454,-0.005773806770810212,-0.00577412457935994,1.27561647774233e-11,5.504012692482407e-05,5.168316599037742e-05,2.471557387621668e-06,5
77,0.02,0.02,300.0,6576.42821353681,6539.965678650479,-36.462534886331014,-0.004633212950125824,0.0,-36.45790167338089,0.9998729322312733,-0.004632452927178867,-0.004633212950125824,2.077845990654329e-11,0.00016403799159199408,4.150721564149133e-05,1.988531661501612e-06,5
78,0.02,0.02,300.0,6539.96567756098,6504.037238667106,-35.928438893874045,-0.0037151975940442976,0.0,-35.92472369628,0.9998965945165327,-0.00371450491750246,-0.0037151975940442976,1.6813986800865443e-11,0.0001864440650339034,3.330924869002733e-05,1.5979472291150166e-06,5
79,0.02,0.02,300.0,6504.037237492373,6468.636875141213,-35.400362351159856,-0.0029769813665498804,0.0,-35.397385369793305,0.9999159053419561,-0.002976423446023514,-0.0029769813665498804,1.3479911902858191e-11,0.00018741149428593302,2.6710932272155138e-05,1.2825954587386126e-06,5
80,0.02,0.02,300.0,6468.6368738808615,6433.758660029858,-34.87821385100324,-0.002383866988019949,0.0,-34.87582998401522,0.999931651689556,-0.0023828951848355088,-0.002383866988019949,1.7654045996359263e-11,0.0004076583086740785,2.1404906395161584e-05,1.028467284432457e-06,5
81,0.02,0.02,300.0,6433.758658684634,6399.396745995084,-34.36191268955008,-0.0019075746853377447,0.0,-34.36000511486474,0.9999444857827743,-0.0019067914034537959,-0.0019075746853377447,1.4184590226955357e-11,0.00041061662747431826,1.7140322511993066e-05,8.237743989761794e-07,5
82,0.02,0.02,300.0,6399.396744567071,6365.545360391275,-33.85138417579674,-0.0015253629436101986,0.0,-33.84985881285313,0.9999549394218066,-0.0015247336867352068,-0.0015253629436101986,1.1394061886829268e-11,0.0004125292787711812,1.3715332463661912e-05,6.59144169515175e-07,5
83,0.02,0.02,300.0,6365.545358883796,6332.198798302066,-33.346560581730046,-0.0012188849016480366,0.0,-33.3453416968284,0.999963447957439,-0.0012182767775131488,-0.0012188849016480366,1.0905264761647725e-11,0.000498918424590784,1.0967247070674472e-05,5.280714797687574e-07,5
84,0.02,0.02,300.0,6332.198796719729,6299.351417325049,-32.8473793946805,-0.0009734522955087873,0.0,-32.84640594238499,0.999970364384817,-0.0009723980406390678,-0.0009734522955087873,1.3178560010305264e-11,0.0010830061982323445,8.762998462422176e-06,4.2367822637114307e-07,5
85,0.02,0.02,300.0,6299.35141567358,6266.99763201502,-32.35378365856013,-0.000776847664711854,0.0,-32.35300681089542,0.9999759889701647,-0.0007760609844146087,-0.000776847664711854,1.1308076931380525e-11,0.001012657092220395,6.997356846249693e-06,3.3959609051421576e-07,5
86,0.02,0.02,300.0,6266.997630301314,6235.131913284519,-31.865717016794406,-0.0006201738041768138,0.0,-31.86509684299023,0.9999805378989637,-0.0006174704090691297,-0.0006201738041768138,3.605724312877407e-11,0.004359092708329556,5.579270658453571e-06,2.717793714706027e-07,5
87,0.02,0.02,300.0,6235.131911516412,6203.748779420321,-31.383132096091686,-0.0004944422111137449,0.0,-31.382637653880572,0.9999842449692529,-0.0004926326368380619,-0.0004944422111137449,2.9930770155884266e-11,0.003659829672727272,4.451506578096218e-06,2.1738034799743362e-07,5
88,0.02,0.02,300.0,6203.748777605945,6172.84280015924,-30.905977446705037,-0.00039392134314147464,0.0,-30.905583525361894,0.9999872542020771,-0.00039248898957627723,-0.00039392134314147464,2.3581089675462146e-11,0.00363614104728259,3.5481465040963365e-06,1.73726749861395e-07,5
89,0.02,0.02,300.0,6172.842798247595,6142.408591438223,-30.43420680937197,-0.0003137047682486099,0.0,-30.433893104603722,0.9999896923626033,-0.0003122946163966222,-0.0003137047682486099,1.6581858669250174e-11,0.004495155938688756,2.8247497716553698e-06,1.3868662832534486e-07,5
90,0.02,0.02,300.0,6142.408589498671,6112.440813632755,-29.967775865916337,-0.0002496055819113837,0.0,-29.967526260334427,0.9999916708673,-0.00024849597531134785,-0.0002496055819113837,1.3233920177711312e-11,0.004445439847694476,2.2484848541597996e-06,1.1063122183200866e-07,5
91,0.02,0.02,300.0,6112.440811674067,6082.934170676917,-29.50664099714959,-0.00019845643041810574,0.0,-29.50644254071917,0.9999932741774831,-0.00019757988669674435,-0.00019845643041810574,1.049586661871416e-11,0.0044168068503232455,1.7885352417758417e-06,8.817862251795185e-08,5
92,0.02,0.02,300.0,6082.93416870721,6053.883408617913,-29.050760089297,-0.00015770971324339598,0.0,-29.050602379583758,0.9999945712362514,-0.00015693214847418543,-0.00015770971324339598,1.1999170306297156e-11,0.004930354340385611,1.4211549923927893e-06,7.020764377305991e-08,5
93,0.02,0.02,300.0,6053.883406644241,6025.2833143621165,-28.600092282124933,-0.0001252231788168927,0.0,-28.599967058946117,0.9999956215813018,-0.00012461639742704012,-0.0001252231788168927,8.390242148736946e-12,0.0048455996372672675,1.1289434244158378e-06,5.585723244950735e-08,5
94,0.02,0.02,300.0,6025.283312390271,5997.128714920014,-28.154597470256704,-9.935709446109839e-05,0.0,-28.154498113162244,0.9999964710170491,-9.887885212880339e-05,-9.935709446109839e-05,6.955510544771826e-12,0.004813368737168977,8.961369804480308e-07,4.4403912388465294e-08,5
95,0.02,0.02,300.0,5997.128712954341,5969.414476376517,-27.714236577823613,-7.877787591878361e-05,0.0,-27.714157799947692,0.9999971574942828,-7.840121888993428e-05,-7.877787591878361e-05,5.328670541183564e-12,0.004781253930197993,7.10835987059942e-07,3.527016303156e-08,5
96,0.02,0.02,300.0,5969.41447441983,5942.13550306822,-27.27897135161038,-6.247662366034097e-05,0.0,-27.27890887498672,0.9999977097148255,-6.205344503470013e-05,-6.247662366034097e-05,6.6480617355977734e-12,0.006773391403823057,5.621582763029148e-07,2.798473004166608e-08,5
97,0.02,0.02,300.0,5942.135501121829,5915.286736433574,-26.84876468825496,-4.9480502497406146e-05,0.0,-26.848715207752463,0.9999981570659555,-4.916446642176074e-05,-4.9480502497406146e-05,5.313638305102145e-12,0.006387082986111071,4.4535966615595117e-07,2.218975956473989e-08,5
98,0.02,0.02,300.0,5915.286734497228,5888.863154408903,-26.423580088325252,-3.916081743147297e-05,0.0,-26.423540927507823,0.9999985179594401,-3.890922956585096e-05,-3.916081743147297e-05,4.280804640832752e-12,0.006424479419058723,3.525244303519581e-07,1.758177814006334e-08,5
99,0.02,0.02,300.0,5888.86315248106,5862.859770285688,-26.00338219537207,-3.097075991194779e-05,0.0,-26.003351224612157,0.9999988089718607,-3.077247283582913e-05,-3.097075991194779e-05,3.4216053785913478e-12,0.0064023962176713535,2.788806345512651e-07,1.3919982122403139e-08,5
100,0.02,0.02,300.0,5862.859768363592,5837.271631720913,-25.588136642678364,-2.447656456508941e-05,0.0,-25.5881121661138,0.9999990434409153,-2.4320232176502336e-05,-2.447656456508941e-05,2.707718623662131e-12,0.0063870233165830214,2.2047572019339166e-07,1.1012337595069462e-08,5
101,0.02,0.02,300.0,5837.271629800804,5812.093820072523,-25.17780972828041,-1.9513673745670207e-05,0.0,-25.177790214606663,0.9999992249653978,-1.880082698905723e-05,-1.9513673745670207e-05,1.2998278560773246e-11,0.03653062800494687,1.7340963385057924e-07,8.74685282261854e-09,5
102,0.02,0.02,300.0,5812.093818149884,5787.3214478501595,-24.77237029972457,-1.549733208486571e-05,0.0,-24.772354802392485,0.9999993744106075,-1.496111101126977e-05,-1.549733208486571e-05,9.097105848802447e-12,0.034600863597651126,1.3691551869102232e-07,6.939947195794466e-09,5
103,0.02,0.02,300.0,5787.321445919817,5762.949659335045,-24.371786584772053,-1.2389084857222643e-05,0.0,-24.371774195687195,0.9999994916628366,-1.1823620248770737e-05,-1.2389084857222643e-05,1.3973843069678328e-11,0.04564216122244484,1.056382978348831e-07,5.501139473905597e-09,5
104,0.02,0.02,300.0,5762.949657391484,5738.973628364701,-23.97602902678318,-9.810010492810438e-06,0.0,-23.976019216772688,0.9999995908408985,-9.467976715715924e-06,-9.810010492810438e-06,8.96414297872059e-12,0.0348657911574288,8.296601438048126e-08,4.348909155091125e-09,5
105,0.02,0.02,300.0,5738.973626402221,5715.3885577776555,-23.585068624565793,-7.8267112409355e-06,0.0,-23.585060797854553,0.9999996681497364,-7.340011197959641e-06,-7.8267112409355e-06,1.6699471675271552e-11,0.0621844894992812,6.503312478270667e-08,3.4506673950772915e-09,5
106,0.02,0.02,300.0,5715.388555790494,5692.189677238686,-23.198878551807866,-6.212384326973381e-06,0.0,-23.198872339423538,0.999999732211869,-5.848787028752172e-06,-6.212384326973381e-06,1.0585957398764837e-11,0.05852781783678705,5.124759781052405e-08,2.7347190189570704e-09,5
107,0.02,0.02,300.0,5692.189675221321,5669.372242827516,-22.817432393804665,-4.936372995243262e-06,0.0,-22.81742745743167,0.999999783657823,-4.600917692275756e-06,-4.936372995243262e-06,9.290212757733676e-12,0.06795582572280374,4.064823339516127e-08,2.1695850185530583e-09,5
108,0.02,0.02,300.0,5669.372240774597,5646.931535359536,-22.44070541506153,-3.9103682288510574e-06,0.0,-22.4407015046933,0.999999825746644,-3.672854673232414e-06,-3.9103682288510574e-06,6.572857701346285e-12,0.06073943468194292,3.212809477497319e-08,1.7177796783613036e-09,5
109,0.02,0.02,300.0,5646.93153326612,5624.862860326166,-22.068672939954013,-3.4245631842193977e-06,0.0,-22.068669515390827,0.9999998448224234,-2.0144393091465358e-06,-3.4245631842193977e-06,1.908796085240769e-11,0.41176751580195725,2.593047647114754e-08,1.464292419897088e-09,5
110,0.02,0.02,300.0,5624.862858187795,5603.161543201214,-21.701314986580655,-2.7874892397526536e-06,0.0,-21.701312199091415,0.9999998715520584,-2.1136124731058992e-06,-2.7874892397526536e-06,8.723036292020725e-12,0.24175044589824154,2.185821895084919e-08,1.2028221242242188e-09,5
111,0.02,0.02,300.0,5603.161541013734,5581.822933234752,-21.338607778981896,-2.350673982070754e-06,0.0,-21.338605428307915,0.9999998898393933,-1.565709466527851e-06,-2.350673982070754e-06,9.470031153236683e-12,0.3339316815220002,1.8129246376376068e-08,1.0078190893877133e-09,5
112,0.02,0.02,300.0,5581.822930994694,5560.842398999963,-20.98053199473088,-1.945563494124422e-06,0.0,-20.98053004916739,0.9999999072681525,-1.3806483328753056e-06,-1.945563494124422e-06,6.681745108189042e-12,0.29036069136533105,1.518824144324798e-08,8.362424777874359e-10,5
113,0.02,0.02,300.0,5560.842396681306,5540.2153290037,-20.627067677605737,-1.6990007298317552e-06,0.0,-20.627065978605007,0.9999999176324644,-8.797483885313856e-07,-1.6990007298317552e-06,1.7591643056796854e-11,0.4821965799752756,1.3285802047450235e-08,7.253059940148309e-10,5
114,0.02,0.02,300.0,5540.215326628167,5519.937129825884,-20.278196802282764,-1.5890557821674828e-06,0.0,-20.278195213226983,0.9999999216372246,-4.6463873428196564e-07,-1.5890557821674828e-06,1.8763954205177873e-11,0.7076007403288289,1.144411973383208e-08,6.658394050806952e-10,5
115,0.02,0.02,300.0,5519.937127391566,5500.003225329123,-19.93390206244294,-1.467614854156483e-06,0.0,-19.933900594828085,0.9999999263759374,-3.911061078328233e-07,-1.467614854156483e-06,1.73898248748046e-11,0.7335090287992397,1.0965934882758306e-08,6.154800178631314e-10,5
116,0.02,0.02,300.0,5500.00322283451,5480.409056455556,-19.59416637895356,-1.364238694516428e-06,0.0,-19.594165014714864,0.9999999303752622,-3.8083871339520647e-07,-1.364238694516428e-06,1.621481494119453e-11,0.7208415837155244,9.683341731118162e-09,5.671830625889965e-10,5
117,0.02,0.02,300.0,5480.4090538997,5461.150080370626,-19.258973529073955,-1.258031526651454e-06,0.0,-19.258972271042428,0.9999999346781631,-3.3253133843029677e-07,-1.258031526651454e-06,1.502988811842216e-11,0.735673286888599,9.29952778393804e-09,5.244696451439577e-10,5
118,0.02,0.02,300.0,5461.15007775296,5442.221769691823,-18.928308061136704,-1.1679700098195294e-06,0.0,-18.928306893166695,0.9999999382950655,-3.23050670249482e-07,-1.1679700098195294e-06,1.3916825996590696e-11,0.7234084201362339,8.26910806611678e-09,4.835125932211143e-10,5
119,0.02,0.02,300.0,5442.221767012268,5423.619612128743,-18.602154883525145,-1.0766296622866423e-06,0.0,-18.602153806895483,0.99999994212339,-2.844141528983465e-07,-1.0766296622866423e-06,1.293041789244248e-11,0.7358291686908549,7.924702318611765e-09,4.469713159423364e-10,5
120,0.02,0.02,300.0,5423.61960938756,5405.3391099390265,-18.28049944853319,-9.988697441585237e-07,0.0,-18.280498449663448,0.9999999453587279,-2.747702364401808e-07,-9.988697441585237e-07,1.1924248663229252e-11,0.7249188514848299,7.07429651854123e-09,4.121091278317998e-10,5
121,0.02,0.02,300.0,5405.339107136886,5387.375779708127,-17.96332742875893,-9.205494650516747e-07,0.0,-17.963326508209466,0.9999999487539561,-2.4324807394143123e-07,-9.205494650516747e-07,1.1104009570274433e-11,0.7357577368992587,6.762560641465197e-09,3.808344407870922e-10,5
122,0.02,0.02,300.0,5387.375776845825,5369.725152010849,-17.650624834976043,-8.53636728017502e-07,0.0,-17.650623981339315,0.999999951637025,-2.3382548521527957e-07,-8.53636728017502e-07,1.0207792600605837e-11,0.7260831480876893,6.052712821336868e-09,3.511364105152654e-10,5
123,0.02,0.02,300.0,5369.725149089833,5352.382771338813,-17.34237775102065,-7.865540002817006e-07,0.0,-17.34237696446665,0.9999999546455502,-2.0791544376892797e-07,-7.865540002817006e-07,9.522938205028854e-12,0.7356628487116408,5.77236872151475e-09,3.243718433367712e-10,5
124,0.02,0.02,300.0,5352.382768360589,5335.344195956186,-17.038572404402657,-7.29070639422436e-07,0.0,-17.03857167533202,0.9999999572105795,-1.9902373225503638e-07,-7.29070639422436e-07,8.732687797510357e-12,0.7270172168602189,5.1763865276518905e-09,2.9905978587305737e-10,5
125,0.02,0.02,300.0,5335.3441929225155,5318.604997975595,-16.73919494692018,-6.716482981570166e-07,0.0,-16.73919427527188,0.9999999598757109,-1.7760345406899786e-07,-6.716482981570166e-07,8.159689186360762e-12,0.7355707524960063,4.9262251589416615e-09,2.761697555088072e-10,5
126,0.02,0.02,300.0,5318.604994888396,5302.160763397447,-16.44423149094837,-6.223242284036268e-07,0.0,-16.44423086862414,0.9999999621554689,-1.6938847455918347e-07,-6.223242284036268e-07,7.466310509964873e-12,0.7278131449362092,4.424106492396878e-09,2.5459833685619516e-10,5
127,0.02,0.02,300.0,5302.16076025882,5286.0070923342355,-16.153667924584624,-5.73189132697226e-07,0.0,-16.15366735139549,0.9999999645164717,-1.5161546194775223e-07,-5.73189132697226e-07,6.9857231424674264e-12,0.7354878986726365,4.202652473583743e-09,2.3503103241931816e-10,5
128,0.02,0.02,300.0,5286.007089146375,5270.139599222774,-15.86748992360026,-5.309102100614757e-07,0.0,-15.86748939269005,0.9999999665410085,-1.441376025356265e-07,-5.309102100614757e-07,6.380904792018085e-12,0.7285085127314911,3.7785566380987425e-09,2.166485819797488e-10,5
129,0.02,0.02,300.0,5270.139595987985,5254.553913194734,-15.585682793250271,-4.88888915718852e-07,0.0,-15.585682304361356,0.9999999686321785,-1.293286681020204e-07,-4.88888915718852e-07,5.976133817903858e-12,0.7354641024907299,3.5838359206894665e-09,1.9993377358246468e-10,5
130,0.02,0.02,300.0,5254.5539099153575,5239.245678452897,-15.308231462460753,-4.526790644162568e-07,0.0,-15.30823100978169,0.9999999704290423,-1.2261681924944376e-07,-4.526790644162568e-07,5.449374289772957e-12,0.7291307928994644,3.2250993929355374e-09,1.8427374967024673e-10,5
131,0.02,0.02,300.0,5239.245675131314,5224.210554784966,-15.035120346347867,-4.1675461220243857e-07,0.0,-15.035119929593254,0.9999999722812586,-1.102636572942079e-07,-4.1675461220243857e-07,5.109483576536012e-12,0.7354230665582956,3.0546733278162803e-09,1.7000090560772614e-10,5
132,0.02,0.02,300.0,5224.210551423541,5209.444218096056,-14.766333327484972,-3.857726977114719e-07,0.0,-14.766332941712275,0.9999999738748484,-1.0426113626215936e-07,-3.857726977114719e-07,4.6501353911918735e-12,0.7297342790698511,2.750922124320914e-09,1.5666449028248828e-10,5
133,0.02,0.02,300.0,5209.444214697136,5194.942361062111,-14.501853635025327,-3.550729356668544e-07,0.0,-14.50185327995239,0.9999999755153414,-9.395339053264635e-08,-3.550729356668544e-07,4.364856895428584e-12,0.7353969252649609,2.6024391893694835e-09,1.4448591841102493e-10,5
134,0.02,0.02,300.0,5194.9423576279705,5180.700693811534,-14.241663816436812,-3.2858513307049303e-07,0.0,-14.24166348785168,0.9999999769278971,-8.863261036260995e-08,-3.2858513307049303e-07,3.9672950750351134e-12,0.7302598278431692,2.3448667149620448e-09,1.3313385284374277e-10,5
135,0.02,0.02,300.0,5180.700690344387,5166.714944713964,-13.98574563042348,-3.0236510142639955e-07,0.0,-13.985745328058378,0.9999999783804804,-7.999558091443387e-08,-3.0236510142639955e-07,3.725906594102904e-12,0.7354338164786319,2.216066495448334e-09,1.227490838973451e-10,5
136,0.02,0.02,300.0,5166.714941215912,5152.980861203544,-13.734080012368395,-2.7972316651071064e-07,0.0,-13.734079732645228,0.9999999796329155,-7.534002337029222e-08,-2.7972316651071064e-07,3.3835671683369894e-12,0.7306621960916224,1.9976932245983626e-09,1.1308371457545448e-10,5
137,0.02,0.02,300.0,5152.980857676587,5139.494210697787,-13.486646978800309,-2.573470137776474e-07,0.0,-13.486646721453296,0.9999999809183844,-6.807053577884852e-08,-2.573470137776474e-07,3.177762747091292e-12,0.7354912544753182,1.8861076286858807e-09,1.0423424527842006e-10,5
138,0.02,0.02,300.0,5139.494207143784,5126.250781553954,-13.243425589829712,-2.3800747547304842e-07,0.0,-13.243425351822237,0.9999999820282545,-6.401196830365104e-08,-2.3800747547304842e-07,2.8845163731666505e-12,0.7310505975645305,1.7009130529836696e-09,9.601251936981477e-11,5
139,0.02,0.02,300.0,5126.250777974634,5113.246384108794,-13.00439386584003,-2.1892589339700603e-07,0.0,-13.004393646914137,0.9999999831652367,-5.787652447548892e-08,-2.1892589339700603e-07,2.7083707827715813e-12,0.7356341747545866,1.6045065294701126e-09,8.847610480272842e-11,5
140,0.02,0.02,300.0,5113.246380507615,5100.476851764912,-12.769528742703187,-2.0241198686301598e-07,0.0,-12.7695285402912,0.9999999841488287,-5.43805181421933e-08,-2.0241198686301598e-07,2.4570886461990207e-12,0.7313374618520208,1.4474410551768892e-09,8.148228855463218e-11,5
141,0.02,0.02,300.0,5100.47684814175,5087.938042134904,-12.538806006846244,-1.861445979082098e-07,0.0,-12.538805820701645,0.9999999851545196,-4.919824885423771e-08,-1.861445979082098e-07,2.3069558915731623e-12,0.7356987556603819,1.3642502032655227e-09,7.506728983773475e-11,5
142,0.02,0.02,300.0,5087.9380384910055,5075.6258382371925,-12.312200253812989,-1.7205756653870687e-07,0.0,-12.312200081755423,0.9999999860254412,-4.61678597643604e-08,-1.7205756653870687e-07,2.0918040955852813e-12,0.7316720171444814,1.2310210716105349e-09,6.912038244765664e-11,5
143,0.02,0.02,300.0,5075.6258345736605,5063.53614974799,-12.089684825670702,-1.5820127444209526e-07,0.0,-12.089684667469427,0.9999999869143591,-4.178541481711048e-08,-1.5820127444209526e-07,1.96293175039511e-12,0.7358718192096186,1.159413053903286e-09,6.366415511304149e-11,5
144,0.02,0.02,300.0,5063.536146065785,5051.664914284909,-11.87123178087586,-1.4618772991433377e-07,0.0,-11.87123163468813,0.9999999876855467,-3.919382319380064e-08,-1.4618772991433377e-07,1.7810233241400388e-12,0.7318938927585217,1.0463369856603104e-09,5.860896776074864e-11,5
145,0.02,0.02,300.0,5051.664910584899,5040.008098742886,-11.656811842012758,-1.343893121559113e-07,0.0,-11.656811707623445,0.9999999884711778,-3.547177231855964e-08,-1.343893121559113e-07,1.6701889080091835e-12,0.7360521327960428,9.849010903926243e-10,5.397128644798811e-11,5
146,0.02,0.02,300.0,5040.008095025756,5028.561700652299,-11.446394373457224,-1.2415072490654862e-07,0.0,-11.446394249306499,0.9999999891537263,-3.325087339998253e-08,-1.2415072490654862e-07,1.514262297950632e-12,0.7321733447387334,8.890440158565427e-10,4.9677030392038944e-11,5
147,0.02,0.02,300.0,5028.5616969186685,5017.321749576511,-11.239947342157393,-1.1410618725683517e-07,0.0,-11.239947228051205,0.9999999898481564,-3.0119037087411406e-08,-1.1410618725683517e-07,1.4212485622646702e-12,0.7360437868314873,8.362246781183712e-10,4.5733558032932625e-11,5
148,0.02,0.02,300.0,5017.321745826914,5006.284308522394,-11.037437304519699,-1.0538548219079355e-07,0.0,-11.037437199134217,0.9999999904519973,-2.8192767277914215e-08,-1.0538548219079355e-07,1.287832511939288e-12,0.7324795911938511,7.550715290053215e-10,4.20886090524478e-11,5
149,0.02,0.02,300.0,5006.2843047569895,4995.445475373742,-10.838829383247685,-9.684343024977746e-08,0.0,-10.838829286404254,0.9999999910651393,-2.5545361814297742e-08,-9.684343024977746e-08,1.207818822399718e-12,0.7362199815887207,7.097375321579232e-10,3.874162596683236e-11,5
150,0.02,0.02,300.0,4995.445471593293,4984.8013843294575,-10.6440872638359,-8.942204531347324e-08,0.0,-10.644087174413855,0.9999999915988996,-2.390870022668842e-08,-8.942204531347324e-08,1.0947055003007588e-12,0.7326308054923667,6.407314560083354e-10,3.564691208332082e-11,5
151,0.02,0.02,300.0,4984.801380534369,4974.348207347488,-10.453173186881031,-8.215688264346526e-08,0.0,-10.453173104724149,0.999999992140484,-2.165440277357566e-08,-8.215688264346526e-08,1.0260241362149382e-12,0.7364261875958843,6.02123150889378e-10,3.280520666799537e-11,5
152,0.02,0.02,300.0,4974.3482035381585,4964.082155578752,-10.266047959406933,-7.58440975869237e-08,0.0,-10.266047883562836,0.9999999926121427,-2.0258679423977987e-08,-7.58440975869237e-08,9.293181947062895e-13,0.732890494204116,5.435888443536043e-10,3.0179999095064965e-11,5
153,0.02,0.02,300.0,4964.082151755601,4953.999480794069,-10.08267096153213,-6.966796422449126e-08,0.0,-10.082670891864167,0.9999999930903265,-1.835736465139998e-08,-6.966796422449126e-08,8.71803067865846e-13,0.7365020658240135,5.105953021218097e-10,2.7767434411121657e-11,5
154,0.02,0.02,300.0,4953.999476957559,4944.096476785543,-9.903000172015709,-6.430376753919684e-08,0.0,-9.903000107711941,0.9999999935066377,-1.7153097286024364e-08,-6.430376753919684e-08,7.884282502984291e-13,0.7332489534836576,4.609730419405503e-10,2.5542818332260052e-11,5
155,0.02,0.02,300.0,4944.096472936196,4934.3694807451875,-9.726992191008321,-5.9054148074348543e-08,0.0,-9.726992131954173,0.9999999939288376,-1.5558068554404952e-08,-5.9054148074348543e-08,7.396854338028063e-13,0.7365457116608048,4.3282584593623703e-10,2.349544864716435e-11,5
156,0.02,0.02,300.0,4934.369476883621,4924.814874604354,-9.554602279266874,-5.449454051289741e-08,0.0,-9.554602224772333,0.999999994296514,-1.452497689638039e-08,-5.449454051289741e-08,6.685364968226054e-13,0.73345996204991,3.908065876957191e-10,2.1610376497137643e-11,5
157,0.02,0.02,300.0,4924.814870731228,4915.42908633453,-9.385784396698,-5.0035304771155314e-08,0.0,-9.385784346662696,0.9999999946690333,-1.3186075530568187e-08,-5.0035304771155314e-08,6.277976861585523e-13,0.7364645705491978,3.6667885408483057e-10,1.9872851107844018e-11,5
158,0.02,0.02,300.0,4915.42908245065,4906.2085911958475,-9.220491254802255,-4.616565975578119e-08,0.0,-9.220491208636595,0.9999999949931453,-1.228666129925764e-08,-4.616565975578119e-08,5.669481055370038e-13,0.7338571274784171,3.31123324910032e-10,1.8275701327050548e-11,5
159,0.02,0.02,300.0,4906.2085872775915,4897.149912908552,-9.058674369039181,-4.237872238784998e-08,0.0,-9.058674326660459,0.9999999953217523,-1.116343296001993e-08,-4.237872238784998e-08,5.325306077886543e-13,0.7365792942540312,3.105999404971341e-10,1.6803830844587983e-11,5
160,0.02,0.02,300.0,4897.1499089847275,4888.249624859995,-8.900284124732934,-3.909476430555198e-08,0.0,-8.90028408563817,0.99999999560747,-1.0394731572626162e-08,-3.909476430555198e-08,4.803156487257097e-13,0.7341144841957784,2.804779642231445e-10,1.54516640399724e-11,5
161,0.02,0.02,300.0,4888.249620931594,4879.504351089898,-8.745269841696427,-3.588242771881099e-08,0.0,-8.745269805813999,0.999999995896933,-9.447810584790472e-09,-3.588242771881099e-08,4.504801035830473e-13,0.7367009094583208,2.629365519940966e-10,1.4203837578623186e-11,5
162,0.02,0.02,300.0,4879.5043471580775,4870.910767308583,-8.593579849494745,-3.3090144095963255e-08,0.0,-8.593579816404601,0.9999999961494342,-8.807083986035301e-09,-3.3090144095963255e-08,4.0740339376530133e-13,0.7338457046154206,2.374133214481113e-10,1.3056970121255114e-11,5
163,0.02,0.02,300.0,4870.910763374658,4862.465601811422,-8.44516156323607,-3.0368278041210886e-08,0.0,-8.445161532867791,0.9999999964040619,-7.984910914272713e-09,-3.0368278041210886e-08,3.811842543097775e-13,0.7370640869582105,2.2251273444963318e-10,1.2001985793782644e-11,5
164,0.02,0.02,300.0,4862.465597876859,4854.165636309514,-8.299961567344326,-2.80012380247753e-08,0.0,-8.299961539343087,0.9999999966263412,-7.439952673139088e-09,-2.80012380247753e-08,3.4518444961776803e-13,0.7342991525390317,2.0100056851958693e-10,1.1032631647736309e-11,5
165,0.02,0.02,300.0,4854.165632375927,4846.007706676917,-8.157925699009866,-2.5693421274780382e-08,0.0,-8.157925673316445,0.9999999968504959,-6.762268494148377e-09,-2.5693421274780382e-08,3.241790381444861e-13,0.736809340343244,1.8816998145545747e-10,1.0138278832349331e-11,5
166,0.02,0.02,300.0,4846.007702746052,4837.988703608227,-8.018999137824721,-2.3687028657719033e-08,0.0,-8.018999114137692,0.9999999970461364,-6.28053684791821e-09,-2.3687028657719033e-08,2.9166437832958714e-13,0.7348533267438112,1.7006254574855872e-10,9.318945560362725e-12,5
167,0.02,0.02,300.0,4837.988699681955,4830.105573187412,-7.883126494542921,-2.1733415247736468e-08,0.0,-7.883126472809506,0.9999999972430462,-5.712620533807895e-09,-2.1733415247736468e-08,2.731400273944687e-13,0.7371503526394516,1.5913438645036777e-10,8.56357465912425e-12,5
168,0.02,0.02,300.0,4830.105569267712,4822.3553173639575,-7.750251903754361,-2.0025782229141097e-08,0.0,-7.750251883728579,0.9999999974161121,-5.324570327559319e-09,-2.0025782229141097e-08,2.4837571722823854e-13,0.7341142400015158,1.438448747834845e-10,7.867440375308882e-12,5
169,0.02,0.02,300.0,4822.355313452899,4814.734994337884,-7.620319115015263,-1.8379143187591458e-08,0.0,-7.62031909663612,0.99999999758814,-4.811627875462577e-09,-1.8379143187591458e-08,2.3097324011755724e-13,0.7382017308232784,1.3449725424270328e-10,7.229475000979685e-12,5
170,0.02,0.02,300.0,4814.734990437615,4807.241718851222,-7.493271586393348,-1.6928576885293868e-08,0.0,-7.493271569464771,0.9999999977408297,-4.502852104675942e-09,-1.6928576885293868e-08,2.0999798230245176e-13,0.7340088221717183,1.216348895947064e-10,6.640978640910908e-12,5
171,0.02,0.02,300.0,4807.2417149639505,4799.8726623894845,-7.369052574465968,-1.5535423579234275e-08,0.0,-7.3690525589305444,0.9999999978918017,-4.06437989520186e-09,-1.5535423579234275e-08,1.9490141953146075e-13,0.7383798469045549,1.1366395406123385e-10,6.100621199926562e-12,5
172,0.02,0.02,300.0,4799.872658517009,4792.625053288737,-7.247605228271823,-1.4306368561410862e-08,0.0,-7.247605213965454,0.9999999980260558,-3.800583908878132e-09,-1.4306368561410862e-08,1.7759541228827006e-13,0.7343432127752113,1.0283812729993369e-10,5.60442436721075e-12,5
173,0.02,0.02,300.0,4792.625049433818,4785.496176759812,-7.128872674005834,-1.3127646976766095e-08,0.0,-7.128872660878186,0.999999998158524,-3.437048359462175e-09,-1.3127646976766095e-08,1.6456728252734033e-13,0.7381824507053535,9.59938722268874e-11,5.148099127666252e-12,5
174,0.02,0.02,300.0,4785.496172924746,4778.483374819827,-7.012798104919057,-1.208432729144953e-08,0.0,-7.012798092834729,0.9999999982768181,-3.220179584295192e-09,-1.208432729144953e-08,1.5114200695940527e-13,0.7335242991495533,8.678501958381666e-11,4.725979609956728e-12,5
175,0.02,0.02,300.0,4778.483371006916,4771.584046143097,-6.899324863818947,-1.1086457883291547e-08,0.0,-6.899324852732489,0.9999999983931097,-2.890005779683949e-09,-1.1086457883291547e-08,1.388702826998011e-13,0.7393210879338215,8.117252979824287e-11,4.342050214285639e-12,5
176,0.02,0.02,300.0,4771.584042354637,4764.795645806495,-6.788396548142373,-1.0203382984159878e-08,0.0,-6.78839653793899,0.9999999984969377,-2.723810012581357e-09,-1.0203382984159878e-08,1.274555766219233e-13,0.7330483412403608,7.329417819471906e-11,3.984314481413114e-12,5
177,0.02,0.02,300.0,4764.795642068402,4758.115685075802,-6.679956992600637,-9.361263365712182e-09,0.0,-6.679956983239373,0.9999999985986042,-2.4402519954670113e-09,-9.361263365712182e-09,1.1714612287942493e-13,0.7393245013910189,6.848281164925459e-11,3.659933246769414e-12,5
178,0.02,0.02,300.0,4758.115681365223,4751.541730878267,-6.573950486956164,-8.617050362717997e-09,0.0,-6.573950478339114,0.9999999986892127,-2.2891675074515075e-09,-8.617050362717997e-09,1.0687599472316285e-13,0.7343444205275067,6.184798066772587e-11,3.3596595598546308e-12,5
179,0.02,0.02,300.0,4751.541727197515,4745.0714054497585,-6.470321747756316,-7.89964212301872e-09,0.0,-6.470321739856674,0.999999998779096,-2.0648427831484517e-09,-7.89964212301872e-09,9.923918426661136e-14,0.7386156548621717,5.785090761337266e-11,3.086417304964123e-12,5
180,0.02,0.02,300.0,4745.071401801093,4738.70238579181,-6.369016009282859,-7.27105759928874e-09,0.0,-6.369016002011802,0.9999999988583703,-1.9312338789043712e-09,-7.27105759928874e-09,9.042431785545824e-14,0.7343943638827335,5.2245753224035644e-11,2.8326613066708753e-12,5
181,0.02,0.02,300.0,4738.702382177434,4732.432403093511,-6.269979083922408,-6.668040186016759e-09,0.0,-6.2699790772543675,0.9999999989365131,-1.7423771601869102e-09,-6.668040186016759e-09,8.371971625305943e-14,0.7386972616270715,4.872263783752371e-11,2.60070958967226e-12,5
182,0.02,0.02,300.0,4732.432399515561,4726.259242096274,-6.173157419287236,-6.1386888281192725e-09,0.0,-6.173157413148547,0.9999999990055837,-1.6165469786400137e-09,-6.1386888281192725e-09,7.524540348344122e-14,0.7366624984744047,4.409206491740377e-11,2.3891579010268905e-12,5
183,0.02,0.02,300.0,4726.259238556808,4720.180740407076,-6.078498149731786,-5.623050014904753e-09,0.0,-6.078498144108736,0.9999999990749278,-1.4807783077021858e-09,-5.623050014904753e-09,7.173279000546018e-14,0.7366592323068162,4.118984173574336e-11,2.1903219091725672e-12,5
184,0.02,0.02,300.0,4720.180736908068,4714.194787764016,-5.985949144052029,-5.183398867252867e-09,0.0,-5.98594913886863,0.9999999991340724,-1.3511155724634263e-09,-5.183398867252867e-09,6.292715137677634e-14,0.7393379118478876,3.7180608325210604e-11,2.0124480843640853e-12,5
185,0.02,0.02,300.0,4714.194784307341,4708.299325259097,-5.895459048244447,-4.738314082139942e-09,0.0,-5.895459043506134,0.9999999991962774,-1.2622356609408275e-09,-4.738314082139942e-09,6.118590558495225e-14,0.7336108077557472,3.482812233116832e-11,1.8448351834797836e-12,5
186,0.02,0.02,300.0,4708.299321846527,4702.492344522796,-5.806977323731189,-4.3730556834014605e-09,0.0,-5.8069773193581335,0.9999999992469308,-1.134442653146214e-09,-4.3730556834014605e-09,5.248872198350136e-14,0.7405835335113276,3.129024875774299e-11,1.6955805942868795e-12,5
187,0.02,0.02,300.0,4702.492341155994,4696.771886874425,-5.720454281568891,-3.992861989665213e-09,0.0,-5.720454277576029,0.9999999993020027,-1.0695047944093259e-09,-3.992861989665213e-09,5.2169137256484534e-14,0.7321458149123256,2.937572117041301e-11,1.5537394534551133e-12,5
188,0.02,0.02,300.0,4696.771883554933,4691.136042443228,-5.635841111705304,-3.6878136662597882e-09,0.0,-5.63584110801749,0.9999999993456499,-9.50797817635462e-10,-3.6878136662597882e-09,4.429490542045737e-14,0.7421784548567583,2.6341410628475692e-11,1.428407755434585e-12,5
189,0.02,0.02,300.0,4691.136039172467,4685.582949263565,-5.553089908901711,-3.36624025087811e-09,0.0,-5.5530899055354705,0.9999999993938077,-9.031554324274216e-10,-3.36624025087811e-09,4.434872513496415e-14,0.7317020280439501,2.47382365669319e-11,1.3075021281133655e-12,5
190,0.02,0.02,300.0,4685.582946042833,4680.1107923490945,-5.472153693738619,-3.1064717850386785e-09,0.0,-5.4721536906321475,0.9999999994323128,-8.008340864627222e-10,-3.1064717850386785e-09,3.7723364515522384e-14,0.742204616079347,2.2261071462022316e-11,1.2027222267992536e-12,5
191,0.02,0.02,300.0,4680.110789179563,4674.717802748806,-5.392986430756537,-2.8412148656901185e-09,0.0,-5.3929864279153215,0.9999999994731648,-7.518046198458758e-10,-2.8412148656901185e-09,3.634297354782107e-14,0.7353932541588101,2.0815478312332923e-11,1.1019728092683007e-12,5
192,0.02,0.02,300.0,4674.717799631517,4669.402256589417,-5.315543042099307,-2.6145746572325735e-09,0.0,-5.315543039484733,0.9999999995081266,-6.884718859237955e-10,-2.6145746572325735e-09,3.349552325833631e-14,0.7366792017128643,1.8782948335905837e-11,1.0115034658015927e-12,5
193,0.02,0.02,300.0,4669.402253525288,4664.16247410692,-5.239779418368016,-2.3985556974756734e-09,0.0,-5.23977941596946,0.9999999995422411,-6.180960102588736e-10,-2.3985556974756734e-09,2.992459639466639e-14,0.7423049167007545,1.749305449256365e-11,9.28821633803866e-13,5
194,0.02,0.02,300.0,4664.162471096744,4658.996818670763,-5.165652425981534,-2.2015364088903035e-09,0.0,-5.1656524237799974,0.9999999995738125,-5.913908010573613e-10,-2.2015364088903035e-09,2.843906424223562e-14,0.7313735995147793,1.5824267553666416e-11,8.500649779541454e-13,5
195,0.02,0.02,300.0,4658.996815715209,4653.9036958038305,-5.0931199113783805,-2.0202242672549574e-09,0.0,-5.0931199093581565,0.9999999996033425,-5.228801208206555e-10,-2.0202242672549574e-09,2.5135431305513967e-14,0.7411771904259248,1.4702925335117284e-11,7.797171452190629e-13,5
196,0.02,0.02,300.0,4653.903692903452,4648.881552200547,-5.022140702904835,-1.8514420481921804e-09,0.0,-5.022140701053393,0.9999999996313441,-4.977586803632241e-10,-1.8514420481921804e-09,2.3805304176584076e-14,0.7311508178993477,1.335710440450294e-11,7.13661286389703e-13,5
197,0.02,0.02,300.0,4648.8815493557795,4643.928874746301,-4.9526746094788905,-1.697745981385274e-09,0.0,-4.9526746077811445,0.9999999996572062,-4.419443440938836e-10,-1.697745981385274e-09,2.146812425691558e-14,0.7396875922902909,1.2373684592761581e-11,6.552911529154881e-13,5
198,0.02,0.02,300.0,4643.928871957469,4639.0441895399745,-4.884682417494332,-1.5579462037686661e-09,0.0,-4.884682415936386,0.9999999996810548,-4.1682180770331955e-10,-1.5579462037686661e-09,1.9349392321287938e-14,0.7324542999655385,1.1219390035938356e-11,5.996444683114277e-13,5
199,0.02,0.02,300.0,4639.044186807298,4634.2260609222685,-4.818125885029076,-1.4269924451222384e-09,0.0,-4.818125883602083,0.9999999997038282,-3.7674439808556015e-10,-1.4269924451222384e-09,1.7890232722697414e-14,0.7359871109525827,1.0374455684359595e-11,5.497580899066114e-13,5
200,0.02,0.02,300.0,4634.226058245865,4629.473090511385,-4.75296773448008,-1.309285504502756e-09,0.0,-4.752967733170795,0.9999999997245331,-3.4158784728575617e-10,-1.309285504502756e-09,1.5743284580167068e-14,0.7391036209359965,9.5243581774832e-12,5.04618725907128e-13,5
201,0.02,0.02,300.0,4629.473087891276,4624.783916248108,-4.689171643168265,-1.2008195870508309e-09,0.0,-4.689171641967445,0.9999999997439164,-3.2175514205052397e-10,-1.2008195870508309e-09,1.528868030760224e-14,0.7320537193761614,8.674730307124674e-12,4.607670416334438e-13,5
202,0.02,0.02,300.0,4624.783913684222,4620.157211451819,-4.626702232402749,-1.1027752998590924e-09,0.0,-4.626702231299974,0.9999999997616498,-2.82625392471146e-10,-1.1027752998590924e-09,1.3433446606069645e-14,0.7437144334777369,7.992054714657606e-12,4.244145671450677e-13,5
203,0.02,0.02,300.0,4620.157208944003,4615.59168388873,-4.565525055273611,-1.0070405306925007e-09,0.0,-4.56552505426657,0.999999999779425,-2.7802425266745993e-10,-1.0070405306925007e-09,1.4184477193846656e-14,0.7239195005624312,7.302876805541895e-12,3.875355785569076e-13,5
204,0.02,0.02,300.0,4615.591681436748,4611.086074853896,-4.505606582852124,-9.287066545501612e-10,0.0,-4.505606581923417,0.9999999997938775,-2.3096601870459952e-10,-9.287066545501612e-10,1.115119848677464e-14,0.7513035816282884,6.684066077855144e-12,3.581012385552951e-13,5
205,0.02,0.02,300.0,4611.086072488235,4606.639158297316,-4.446914190919415,-8.475538627788058e-10,0.0,-4.446914190071861,0.9999999998094062,-2.3243386703000343e-10,-8.475538627788058e-10,1.0901670840505644e-14,0.7257591791653908,6.130057731892285e-12,3.261765287566618e-13,5
206,0.02,0.02,300.0,4606.63915598508,4602.249739844383,-4.389416140696994,-7.765009807525115e-10,0.0,-4.389416139920494,0.9999999998230971,-2.0101251878036765e-10,-7.765009807525115e-10,1.005567688393374e-14,0.7411303736080729,5.710243458144509e-12,3.0017540162242395e-13,5
207,0.02,0.02,300.0,4602.24973758525,4597.916656019346,-4.33308156590374,-7.17885938048885e-10,0.0,-4.333081565185854,0.9999999998343243,-1.85369464438457e-10,-7.17885938048885e-10,8.479609430886154e-15,0.7417842381168996,5.061251257409941e-12,2.7334685830394454e-13,5
208,0.02,0.02,300.0,4597.916653812892,4593.638773359117,-4.277880453774742,-6.528189925646904e-10,0.0,-4.277880453121923,0.9999999998473966,-1.7366890605121415e-10,-6.528189925646904e-10,8.043120309885052e-15,0.7339708126919965,4.8158343400357486e-12,2.5050807348961325e-13,5
209,0.02,0.02,300.0,4593.638771204148,4589.414987573684,-4.223783630463913,-6.009535818756452e-10,0.0,-4.223783629862959,0.9999999998577214,-1.5965042304384536e-10,-6.009535818756452e-10,7.242235047024462e-15,0.7343381787565721,4.278716522410959e-12,2.2861693002564207e-13,5
210,0.02,0.02,300.0,4589.414985470424,4585.2442227321335,-4.17076273829025,-5.490365635096999e-10,0.0,-4.170762737741214,0.9999999998683606,-1.4116556747744888e-10,-5.490365635096999e-10,6.517733100605136e-15,0.7428849427166523,4.059763707215242e-12,2.1130216626381472e-13,5
211,0.02,0.02,300.0,4585.244220680003,4581.125430459582,-4.118790220421033,-5.053892955702227e-10,0.0,-4.118790219915644,0.9999999998772966,-1.3354936169781647e-10,-5.053892955702227e-10,5.742986544036407e-15,0.7357495244391061,3.611081407045022e-12,1.9369352893801767e-13,5
212,0.02,0.02,300.0,4581.125428457955,4577.057589156619,-4.0678393013367895,-4.6535036102066467e-10,0.0,-4.067839300871439,0.9999999998856025,-1.188239469681558e-10,-4.6535036102066467e-10,5.1612149391644575e-15,0.7446570220606765,3.283270411442266e-12,1.784479907965993e-13,5
213,0.02,0.02,300.0,4577.05758720483,4573.039703236806,-4.0178839680238525,-4.221040018755311e-10,0.0,-4.017883967601748,0.9999999998949437,-1.1908996583997345e-10,-4.221040018755311e-10,5.6757123980294575e-15,0.7178658214306852,3.057937171930243e-12,1.6109721061820475e-13,5
214,0.02,0.02,300.0,4573.039701334157,4569.070802383244,-3.9688989509131716,-3.879384932102928e-10,0.0,-3.968898950525233,0.9999999999022554,-9.953766947064195e-11,-3.879384932102928e-10,4.691023992367384e-15,0.7434189408559547,2.8039049311724203e-12,1.4787848747732368e-13,5
215,0.02,0.02,300.0,4569.070800529002,4565.14994082397,-3.920859705031944,-3.545692631833116e-10,0.0,-3.9208597046773748,0.9999999999095684,-9.180489955744738e-11,-3.545692631833116e-10,4.252237119702894e-15,0.7410804909223493,2.6051114863852615e-12,1.368742606371127e-13,5
216,0.02,0.02,300.0,4565.149939017373,4561.276196626413,-3.8737423909597055,-3.2256971407708763e-10,0.0,-3.873742390637136,0.9999999999167293,-9.762247764984089e-11,-3.2256971407708763e-10,4.675498524960973e-15,0.6973600639193576,2.28115130000456e-12,1.2239153936474977e-13,5
217,0.02,0.02,300.0,4561.2761948666775,4557.448636651816,-3.8275582148617104,-3.014509838558127e-10,0.0,-3.8275582145602596,0.999999999921242,-6.046971210052826e-11,-3.014509838558127e-10,4.102691719136503e-15,0.7994044957920867,2.1586203086850835e-12,1.1325540128407246e-13,4
218,0.02,0.02,300.0,4557.448670988287,4553.66645681522,-3.782214173066677,-2.792291650511405e-10,0.0,-3.782214172787448,0.9999999999261732,-5.92438714407566e-11,-2.792291650511405e-10,3.72842154719822e-15,0.7878306464516122,2.0630407312122844e-12,1.0742530165833617e-13,4
219,0.02,0.02,300.0,4553.666489601421,4549.928764872711,-3.737724728709509,-2.622213314531753e-10,0.0,-3.7377247284472874,0.9999999999298447,-5.198598455095152e-11,-2.622213314531753e-10,3.324749003491691e-15,0.8017476905373939,1.8971115500928994e-12,1.0034225724870143e-13,4
220,0.02,0.02,300.0,4549.928796174888,4546.234727512538,-3.694068662350219,-2.4488259890628513e-10,0.0,-3.694068662105336,0.9999999999337092,-5.314045379105492e-11,-2.4488259890628513e-10,2.518501438619088e-15,0.7829962029625821,1.7250122945914128e-12,9.217479221843015e-14,4
221,0.02,0.02,300.0,4546.234757394335,4542.583532024515,-3.6512253698201675,-2.2320403196243793e-10,0.0,-3.6512253695969634,0.9999999999388687,-5.830475575652511e-11,-2.2320403196243793e-10,2.3520419932103013e-15,0.7387826947214959,1.6155833927731122e-12,8.504397497678902e-14,4
222,0.02,0.02,300.0,4542.5835605470675,4538.974385702806,-3.6091748442613607,-2.0754467489202902e-10,0.0,-3.609174844053816,0.9999999999424952,-4.694831306024498e-11,-2.0754467489202902e-10,2.044464763910881e-15,0.7737917723754227,1.4822521138800958e-12,7.859823835617116e-14,4
223,0.02,0.02,300.0,4538.974412924802,4535.406515266233,-3.567897658568654,-1.914181007332361e-10,0.0,-3.567897658377236,0.9999999999463499,-4.722360087140779e-11,-1.914181007332361e-10,1.975234060563366e-15,0.7532960535575499,1.3403951243207103e-12,7.253644194977634e-14,4
224,0.02,0.02,300.0,4535.406541244,4531.879166295974,-3.5273749480265906,-1.7655561984920845e-10,0.0,-3.527374947850035,0.999999999949947,-4.08777494991289e-11,-1.7655561984920845e-10,1.624471405781617e-15,0.7684709807932394,1.2502994306918996e-12,6.656454460244224e-14,4
225,0.02,0.02,300.0,4531.879191083558,4528.391602690077,-3.487588393481019,-1.5998183555593897e-10,0.0,-3.487588393321037,0.9999999999541282,-4.413583736493093e-11,-1.5998183555593897e-10,1.5248149611054447e-15,0.7241196963920415,1.1769146256300749e-12,6.047672246559276e-14,4
226,0.02,0.02,300.0,4528.391626339314,4524.9431061345695,-3.4485202047444545,-1.4974440374861198e-10,0.0,-3.4485202045947103,0.9999999999565773,-3.2950363039438966e-11,-1.4974440374861198e-10,1.789039217718112e-15,0.779955963531329,1.0445078605754956e-12,5.85243478913084e-14,4
227,0.02,0.02,300.0,4524.943128695164,4521.532975590599,-3.4101531045653246,-1.3934877007873805e-10,0.0,-3.4101531044259756,0.999999999959137,-3.179576882314208e-11,-1.3934877007873805e-10,2.0314724759404514e-15,0.7718259816345986,9.418850400313382e-13,5.2648010783139644e-14,4
228,0.02,0.02,300.0,4521.532997110199,4518.16052679739,-3.372470312809128,-1.300181585712493e-10,0.0,-3.3724703126791096,0.9999999999614472,-2.5513689468799237e-11,-1.300181585712493e-10,1.7204443230003082e-15,0.8037682601479249,9.028986303503613e-13,4.8937660874096205e-14,4
229,0.02,0.02,300.0,4518.160547321665,4514.825091790465,-3.335455531199841,-1.2046141431157143e-10,0.0,-3.3354555310793796,0.9999999999638846,-2.3771581557606177e-11,-1.2046141431157143e-10,2.060930373193319e-15,0.8026622741110994,8.564892693800985e-13,4.602651440442338e-14,4
230,0.02,0.02,300.0,4514.825111363169,4511.5260184348035,-3.2990929283650985,-1.1346080787002908e-10,0.0,-3.2990929282516377,0.9999999999656085,-2.1525292147190927e-11,-1.1346080787002908e-10,1.6346069166062312e-15,0.8102843391363083,7.981201465126676e-13,4.2308693277769234e-14,4
231,0.02,0.02,300.0,4511.526037097852,4508.262669972504,-3.2633671253479406,-1.0569121922990884e-10,0.0,-3.2633671252422496,0.9999999999676129,-1.9135647483427504e-11,-1.0569121922990884e-10,1.6537982170966563e-15,0.8189476134076761,7.860893104509371e-13,3.956735457702974e-14,4
232,0.02,0.02,300.0,4508.262687766046,4505.034424584543,-3.22826318150328,-9.866307185985627e-11,0.0,-3.228263181404617,0.9999999999694378,-1.9953094571017688e-11,-9.866307185985627e-11,1.2456667035964082e-15,0.7977653219701125,7.33039998880914e-13,3.7873232657277864e-14,4
233,0.02,0.02,300.0,4505.034441547018,4501.840674966237,-3.1937665807809026,-9.235046579981607e-11,0.0,-3.193766580688552,0.9999999999710841,-2.032858600004552e-11,-9.235046579981607e-11,1.032674005163551e-15,0.7798756527756895,6.678072301760515e-13,3.485487447829739e-14,4
234,0.02,0.02,300.0,4501.840691134454,4498.680827916016,-3.1598632184377493,-8.632969569490902e-11,0.0,-3.1598632183514197,0.9999999999726793,-1.8346369425936938e-11,-8.632969569490902e-11,1.0278155502521906e-15,0.7874848361475361,6.172104600827402e-13,3.206987221519835e-14,4
235,0.02,0.02,300.0,4498.6808433252045,4495.554303937078,-3.12653938812673,-7.979114225268336e-11,0.0,-3.1265393880469388,0.9999999999744794,-1.6833100830281032e-11,-7.979114225268336e-11,9.249156124916853e-16,0.7890354699150214,5.827380342275021e-13,3.040997729592045e-14,4
236,0.02,0.02,300.0,4495.55431862096,4492.460536851584,-3.0937817693757097,-7.328695907822329e-11,0.0,-3.0937817693024225,0.9999999999763115,-1.5499825622166008e-11,-7.328695907822329e-11,8.854805223929713e-16,0.7885049971083917,5.688770503022722e-13,2.7924551035670552e-14,4
237,0.02,0.02,300.0,4492.460550842427,4489.398973426985,-3.061577415442116,-6.773637436872789e-11,0.0,-3.0615774153743796,0.9999999999778753,-1.4296838398294359e-11,-6.773637436872789e-11,9.61046378773937e-16,0.788934106209044,5.476182958227852e-13,2.533942946418243e-14,4
238,0.02,0.02,300.0,4489.398986755667,4486.369073014101,-3.029913741565906,-6.380568401460316e-11,0.0,-3.0299137415021002,0.9999999999789414,-1.344989090832758e-11,-6.380568401460316e-11,1.0428891668108744e-15,0.7892054428058587,5.024804475215243e-13,2.3776715491528772e-14,4
239,0.02,0.02,300.0,4486.369085710159,4483.370307196607,-2.9987785135517697,-6.102299197153344e-11,0.0,-2.9987785134907465,0.9999999999796506,-1.0867986848838845e-11,-6.102299197153344e-11,9.655180767223008e-16,0.8219034089002282,4.432277669324915e-13,2.2217807290548133e-14,4
240,0.02,0.02,300.0,4483.3703192883,4480.402159451545,-2.9681598367551487,-5.719927788191731e-11,0.0,-2.9681598366979496,0.9999999999807291,-1.0956963844185045e-11,-5.719927788191731e-11,1.0958249743088216e-15,0.8084422697292666,4.1660141031136236e-13,2.1401542185188968e-14,4
241,0.02,0.02,300.0,4480.402170965899,4477.464124820521,-2.9380461453783937,-5.528225160532527e-11,0.0,-2.9380461453231113,0.9999999999811839,-9.042262154258474e-12,-5.528225160532527e-11,7.282248342825441e-16,0.8364346260927722,3.473348237533904e-13,2.059797458409846e-14,4
242,0.02,0.02,300.0,4477.464135783384,4474.55570959124,-2.9084261921443613,-5.325852395485007e-11,0.0,-2.9084261920911025,0.9999999999816881,-1.0583861861264192e-11,-5.325852395485007e-11,1.016989084161032e-15,0.8012738417189957,2.782188096176067e-13,1.8055957025811276e-14,4
243,0.02,0.02,300.0,4474.555720027332,4471.676430989059,-2.8792890382737824,-5.0501126709382504e-11,0.0,-2.8792890382232814,0.9999999999824606,-7.6773172732257e-12,-5.0501126709382504e-11,9.571629969332995e-16,0.8479773071716566,2.6580697965430683e-13,1.695012568166862e-14,4
244,0.02,0.02,300.0,4471.676440922018,4468.8258168781995,-2.850624043818243,-4.8224411655703735e-11,0.0,-2.8506240437700185,0.9999999999830829,-5.147892752997492e-12,-4.8224411655703735e-11,8.262428124971644e-16,0.8932513103581093,2.5880443335745754e-13,1.663158881566063e-14,4
245,0.02,0.02,300.0,4468.825826330624,4466.003405472334,-2.8224208582905703,-4.676973681771907e-11,0.0,-2.8224208582438006,0.9999999999834293,-5.36763434711754e-12,-4.676973681771907e-11,8.611962131286378e-16,0.8852327442414862,2.3834983896597033e-13,1.5920788749257627e-14,4
246,0.02,0.02,300.0,4466.00341446583,4463.208745054231,-2.7946694115989885,-4.415340410270455e-11,0.0,-2.794669411554835,0.9999999999842007,-5.877150576418308e-12,-4.415340410270455e-11,8.63018349728908e-16,0.866892469655396,2.288757298873079e-13,1.5059860004026823e-14,4
247,0.02,0.02,300.0,4463.208753609455,4460.4413937041545,-2.767359905300509,-4.167797066997873e-11,0.0,-2.7673599052588314,0.9999999999849395,-4.738221299218176e-12,-4.167797066997873e-11,8.669902379241061e-16,0.8863135315119556,2.4734336022469054e-13,1.446865953430139e-14,4
248,0.02,0.02,300.0,4460.441401840853,4457.700919036719,-2.7404828041344445,-3.995281420795805e-11,0.0,-2.7404828040944915,0.9999999999854212,-4.535548908567057e-12,-3.995281420795805e-11,8.96431632888645e-16,0.8864773608948019,2.414827194998923e-13,1.5193902369727558e-14,4
249,0.02,0.02,300.0,4457.700926773766,4454.986897945941,-2.714028827825132,-3.9111654010190626e-11,0.0,-2.71402882778602,0.999999999985589,-3.177719721568345e-12,-3.9111654010190626e-11,9.47134723088998e-16,0.9187526121820268,2.2223355200817338e-13,1.4632949303559797e-14,4
250,0.02,0.02,300.0,4454.986905301377,4452.298916358776,-2.687988942600896,-3.7121552494517225e-11,0.0,-2.6879889425637744,0.9999999999861899,-2.6536347598139872e-12,-3.7121552494517225e-11,7.46885936810552e-16,0.9285149843825653,2.3004195442089815e-13,1.4072239796259614e-14,4
251,0.02,0.02,300.0,4452.298923349277,4449.636568993383,-2.662354355894422,-3.6390753344331034e-11,0.0,-2.662354355858031,0.9999999999863313,-1.3684734280207304e-12,-3.6390753344331034e-11,7.030455415118423e-16,0.9623950233986043,2.3580637594340394e-13,1.3912299629143261e-14,4
252,0.02,0.02,300.0,4449.636575636012,4446.9994591306195,-2.6371165053924415,-3.6390288212362306e-11,0.0,-2.637116505356051,0.9999999999862007,-1.795461190696927e-12,-3.6390288212362306e-11,8.043210280685867e-16,0.9506609790991712,2.1658899391134077e-13,1.370087237572518e-14,4
253,0.02,0.02,300.0,4446.999465441124,4444.3871983868485,-2.612267054275435,-3.638982840891735e-11,0.0,-2.612267054239045,0.9999999999860696,-5.174972540540715e-13,-3.638982840891735e-11,8.39155419149571e-16,0.9857790685837018,2.0612425037902155e-13,1.3645277039699825e-14,4
254,0.02,0.02,300.0,4444.3872043802785,4441.799406496544,-2.5877978837343107,-3.6389373834265657e-11,0.0,-2.587797883697921,0.999999999985938,-6.099653434049419e-15,-3.6389373834265657e-11,8.263102305639467e-16,0.9998323781700166,2.0433583293459533e-13,1.363923295145708e-14,4
255,0.02,0.02,300.0,4441.799412187282,4436.695747543523,-5.103664643758748,-3.554792218147479e-11,0.0,-5.1036646437232,0.9999999999930349,-7.45187515370294e-13,-3.554792218147479e-11,7.03762290994932e-16,0.9790371006337287,2.0846236512182085e-13,1.3567954445695915e-14,8
256,0.02,0.02,300.0,4436.695752669479,4434.179158670679,-2.51659399880009,-3.554749278862724e-11,0.0,-2.5165939987645425,0.9999999999858747,-2.6278162246519414e-12,-3.554749278862724e-11,9.27957497870857e-16,0.9260759052606753,2.037162014131921e-13,1.2989959767269141e-14,4
257,0.02,0.02,300.0,4434.179163533368,4431.685594639868,-2.4935688935001963,-3.426515011631764e-11,0.0,-2.4935688934659312,0.9999999999862587,-1.0498724005914766e-12,-3.426515011631764e-11,6.92731040343254e-16,0.9693603443432308,2.0572762186806475e-13,1.2537428774828873e-14,4
258,0.02,0.02,300.0,4431.68559925128,4429.2147127324215,-2.470886518858606,-3.3534494012910805e-11,0.0,-2.4708865188250715,0.9999999999864282,-4.60195041981232e-13,-3.3534494012910805e-11,7.287676277432256e-16,0.9862769647932049,2.2507053590246963e-13,1.2496269402454915e-14,4
259,0.02,0.02,300.0,4429.214717104012,4426.766177172468,-2.448539931544474,-3.3385914458764695e-11,0.0,-2.448539931511088,0.999999999986365,-2.963342714744167e-12,-3.3385914458764695e-11,9.111531521782679e-16,0.9112397320012239,1.9935053608714596e-13,1.2735286535640263e-14,4
260,0.02,0.02,300.0,4426.766181315183,4419.551391332398,-7.214789982784168,-3.234033326564531e-11,0.0,-7.214789982751828,0.9999999999955175,-5.913216466781581e-13,-3.234033326564531e-11,7.617331653123454e-16,0.9817156600761962,2.1599316360722417e-13,1.2512624040530788e-14,12
261,0.02,0.02,300.0,4419.551394826054,4414.847406743137,-4.7039880829170215,-3.233961608660484e-11,0.0,-4.703988082884682,0.999999999993125,-3.9143695204326935e-13,-3.233961608660484e-11,8.155927539164607e-16,0.9878960544554701,2.110726612677123e-13,1.2461442468479372e-14,8
262,0.02,0.02,300.0,4414.84740986762,4337.047374975393,-77.8000348922269,-3.2328090393783016e-11,0.0,-77.80003489219457,0.9999999999995844,-5.678112573592093e-13,-3.2328090393783016e-11,6.972205621268023e-16,0.9824359790373388,1.8850432337630613e-13,1.224610265953937e-14,156
263,0.02,0.02,300.0,4337.04737501168,4335.342499921862,-1.7048750898175058,-3.145462806804053e-11,0.0,-1.7048750897860512,0.9999999999815502,-9.987985775608085e-13,-3.145462806804053e-11,6.26541383686758e-16,0.968246371395641,1.9911531229080604e-13,1.2290466962709903e-14,4
264,0.02,0.02,300.0,4335.342499933723,4333.649774473687,-1.6927254600359447,-3.145338629613037e-11,0.0,-1.6927254600044914,0.9999999999814185,-1.943993237033302e-12,-3.145338629613037e-11,7.805007126695362e-16,0.9381944691509267,1.7911454576633835e-13,1.2185389110804659e-14,4
265,0.02,0.02,300.0,4333.64977446243,4331.969055973992,-1.6807184884382877,-3.050869103743448e-11,0.0,-1.680718488407779,0.9999999999818479,-7.462786164142588e-13,-3.050869103743448e-11,6.1845271398353145e-16,0.9755388189057811,1.8941971944788881e-13,1.214531724121089e-14,4
266,0.02,0.02,300.0,4331.96905594087,4330.300204066434,-1.668851874435859,-3.050846490035564e-11,0.0,-1.6688518744053504,0.9999999999817188,-1.1536757355319361e-12,-3.050846490035564e-11,7.138286772391164e-16,0.9621850611199226,1.8125206450580041e-13,1.1961101606942388e-14,4
267,0.02,0.02,300.0,4330.300204012639,4328.643080648373,-1.6571233642662264,-2.946423257716045e-11,0.0,-1.6571233642367622,0.9999999999822197,-2.2009316999634645e-12,-2.946423257716045e-11,6.5686687927626e-16,0.9253015772869801,1.8435121677815635e-13,1.1296951523811203e-14,4
268,0.02,0.02,300.0,4328.643080575041,4326.997549825164,-1.6455307498763432,-2.9464017600346447e-11,0.0,-1.6455307498468792,0.9999999999820945,-1.1591564129878615e-12,-2.9464017600346447e-11,8.305265667285525e-16,0.9606585758700392,1.6104741668638814e-13,1.1220320564457163e-14,4
269,0.02,0.02,300.0,4326.997549733387,4325.363477865605,-1.6340718677820405,-2.851937150692234e-11,0.0,-1.634071867753521,0.9999999999825471,-7.723033272163646e-13,-2.851937150692234e-11,6.709591594674461e-16,0.97292004394175,1.801406590006966e-13,1.118109833011713e-14,4
270,0.02,0.02,300.0,4325.363477756424,4323.740733158433,-1.6227445979911863,-2.8036038762023003e-11,0.0,-1.6227445979631503,0.999999999982723,-1.0857893823967504e-12,-2.8036038762023003e-11,8.071048658076241e-16,0.9612716549719023,1.8457972976559052e-13,1.1091594010272137e-14,4
271,0.02,0.02,300.0,4323.740733032835,4309.625037743561,-14.1156952892743,-2.8517392480389557e-11,0.0,-14.115695289245782,0.9999999999979797,9.43455155813868e-14,-2.8517392480389557e-11,7.995021314812028e-16,1.0033083500059223,1.7048074847475983e-13,1.1107287537185987e-14,36
272,0.02,0.02,300.0,4309.625037507969,4300.675357029748,-8.949680478221126,-2.757194351746766e-11,0.0,-8.949680478193553,0.9999999999969191,-5.250117873229408e-13,-2.757194351746766e-11,6.52205606563516e-16,0.980958477338011,1.8520771277311088e-13,1.1066601810398245e-14,24
273,0.02,0.02,300.0,4300.675356734713,4299.217525739427,-1.4578309952858035,-2.7571767907773644e-11,0.0,-1.4578309952582318,0.9999999999810871,-4.650544036053778e-14,-2.7571767907773644e-11,6.337735379306339e-16,0.9983132949429976,1.8251597980884467e-13,1.1061748354224744e-14,4
274,0.02,0.02,300.0,4299.217525439051,4297.7690711845535,-1.4484542544978467,-2.757159356136144e-11,0.0,-1.4484542544702752,0.9999999999809649,-4.994390233557796e-13,-2.757159356136144e-11,6.889020619953899e-16,0.9818857396746307,1.793510030009456e-13,1.1037138780209915e-14,4
275,0.02,0.02,300.0,4297.769070879276,4287.884233977059,-9.884836902217103,-2.708734309975617e-11,0.0,-9.884836902190015,0.9999999999972596,-9.412703967898097e-14,-2.708734309975617e-11,6.901444909591227e-16,0.9965250545491917,1.9272693796328542e-13,1.0974876312994987e-14,28
276,0.02,0.02,300.0,4287.884233648108,4286.507319351535,-1.376914296572977,-2.708718076373588e-11,0.0,-1.3769142965458898,0.9999999999803276,-6.718407517035924e-13,-2.708718076373588e-11,6.534537338282936e-16,0.9751970957197935,1.8192785308142937e-13,1.0676165173151972e-14,4
277,0.02,0.02,300.0,4286.507319020511,4271.905491244943,-14.601827775568381,-2.708546610603804e-11,0.0,-14.601827775541295,0.999999999998145,-3.1966293692140337e-13,-2.708546610603804e-11,6.7369849495406715e-16,0.988197990181526,1.7948900075776583e-13,1.058676699956885e-14,44
278,0.02,0.02,300.0,4271.905490906731,4248.807635178214,-23.09785572851706,-2.708277807470233e-11,0.0,-23.09785572848998,0.9999999999988275,-8.686667894057392e-13,-2.708277807470233e-11,7.667134960980135e-16,0.967925491727263,1.7037057631075322e-13,1.0481085339323833e-14,73
279,0.02,0.02,300.0,4248.807694975399,4028.658420645407,-220.14927432999139,-2.7058136018517344e-11,0.0,-220.14927432996433,0.9999999999998771,0.0,-2.7058136018517344e-11,7.861315313017511e-16,1.0,1.6403800123305243e-13,1.00568100218858e-14,1119
