implementation,question,family,level,label,nr,nz,dt_s,duration_s,space_level,time_level,runtime_s,completed_to_event,interpolated_event_time_s,reported_event_time_s,final_time_s,final_max_C,final_mean_C,max_linear_relative_residual,max_picard_iterations,max_picard_update,normalized_moisture_balance_error,dry_solid_inventory_relative_error,geometry_relative_error,max_local_dry_continuity_relative_residual,threshold_bracket,temperature_solver_calls,internal_temperature_min_C,internal_temperature_max_C,internal_temperature_mean_C,internal_temperature_range_C,max_abs_internal_minus_environment_C,environment_temperature_C_at_last_record,parameter_multipliers,source
prescribed-T-baseline,Q3,spatial,L,Q3-spatial-L,8,8,300.0,259200.0,0,1,1.6353247999941232,True,221537.98118517897,221580.0,221580.0,0.1499570573405631,0.1238776268862919,4.99947832932694e-11,5,9.886499349742728e-08,8.28408090871381e-10,0.0,0.0,0.0,"[221400.0, 221700.0, 0.1500347199123142, 0.1499570573405631]",0,49.99893442622948,49.99893442622948,49.99893442622948,0.0,0.0,49.99893442622948,{},existing-completion-package
prescribed-T-baseline,Q3,spatial,M,Q3-spatial-M,12,12,300.0,259200.0,1,1,2.5338532000023406,True,213073.87641462096,213120.0,213120.0,0.14993629910724604,0.12289941508536498,4.9996596081789475e-11,6,9.979609778831833e-08,6.225082448398065e-10,0.0,0.0,0.0,"[213000.0, 213300.0, 0.15001948489166855, 0.14993629910724604]",0,49.99893442622948,49.99893442622948,49.99893442622948,0.0,0.0,49.99893442622948,{},existing-completion-package
prescribed-T-baseline,Q3,spatial,H,Q3-spatial-H,18,18,300.0,259200.0,2,1,3.7518377999949735,True,209987.95033904279,210000.0,210000.0,0.1499955641981583,0.12229494104208061,4.999351570502116e-11,8,9.952085572306757e-08,5.800743577394837e-10,0.0,0.0,0.0,"[209700.0, 210000.0, 0.15008110524003243, 0.1499955641981583]",0,49.99893442622948,49.99893442622948,49.99893442622948,0.0,0.0,49.99893442622948,{},existing-completion-package
prescribed-T-baseline,Q3,spatial,X,Q3-spatial-X,27,27,300.0,259200.0,X,M,5.360476000001654,True,208707.35199730666,208740.0,208740.0,0.14997231193266636,0.1218817473134485,4.999876382161487e-11,9,9.991506921824822e-08,5.767802646824747e-10,0.0,0.0,0.0,"[208500.0, 208800.0, 0.1500587295560078, 0.14997231193266636]",0,49.99893442622948,49.99893442622948,49.99893442622948,0.0,0.0,49.99893442622948,{},previous-refinement-package
prescribed-T-baseline,Q3,spatial,Y,Q3-spatial-Y,36,36,300.0,259200.0,Y,M,14.43401929999527,True,208248.22086597132,208260.0,208260.0,0.1499262902181482,0.12166925931448738,4.998810709462314e-11,9,9.997534701489119e-08,5.733410777497901e-10,0.0,0.0,0.0,"[208200.0, 208500.0, 0.15001292541387118, 0.1499262902181482]",0,49.99893442622948,49.99893442622948,49.99893442622949,0.0,0.0,49.99893442622948,{},previous-refinement-package
prescribed-T-baseline,Q4,spatial,L,Q4-spatial-L,8,8,300.0,259200.0,0,1,1.609179099992616,True,189599.24276876322,189600.0,189600.0,0.1499986305194078,0.11770658867614146,4.99927793318908e-11,5,9.930165481564224e-08,4.530111278913787e-10,4.440892098500626e-16,0.0,4.0792193595404256e-15,"[189300.0, 189600.0, 0.1501450114031786, 0.1499986305194078]",0,49.99893442622948,49.99893442622948,49.99893442622948,0.0,0.0,49.99893442622948,{},existing-completion-package
prescribed-T-baseline,Q4,spatial,M,Q4-spatial-M,12,12,300.0,259200.0,1,1,2.2065108999959193,True,186537.3033848835,186540.0,186540.0,0.149967501458462,0.11698914866981108,4.995032556008601e-11,6,9.93169985002984e-08,8.257924512688225e-10,4.440892098500626e-16,0.0,7.218180869947748e-15,"[186300.0, 186600.0, 0.15011822032013966, 0.149967501458462]",0,49.99893442622948,49.99893442622948,49.99893442622948,0.0,0.0,49.99893442622948,{},existing-completion-package
prescribed-T-baseline,Q4,spatial,H,Q4-spatial-H,18,18,300.0,259200.0,2,1,3.210039699988556,True,185303.73147967656,185340.0,185340.0,0.1499500768898145,0.11658739253381097,4.998739731805519e-11,7,9.999814835903731e-08,5.58541578252244e-10,4.440892098500626e-16,0.0,1.2641259571463846e-14,"[185100.0, 185400.0, 0.15010253517011568, 0.1499500768898145]",0,49.99893442622948,49.99893442622948,49.99893442622948,0.0,0.0,49.99893442622948,{},existing-completion-package
prescribed-T-baseline,Q4,spatial,X,Q4-spatial-X,27,27,300.0,259200.0,X,M,4.798032599996077,True,184777.14881752362,184800.0,184800.0,0.14998731763086695,0.1163871129346757,4.9993030673187756e-11,7,9.98663374635056e-08,6.006743520291276e-10,4.440892098500626e-16,0.0,1.8004844366213006e-14,"[184500.0, 184800.0, 0.1501406887198045, 0.14998731763086695]",0,49.99893442622948,49.99893442622948,49.99893442622948,0.0,0.0,49.99893442622948,{},previous-refinement-package
prescribed-T-baseline,Q4,spatial,Y,Q4-spatial-Y,36,36,300.0,259200.0,Y,M,7.546136899996782,True,184593.30570421397,184620.0,184620.0,0.14989338784158987,0.11622971047263378,4.999196156361281e-11,8,9.99089963260591e-08,6.46482603826933e-10,4.440892098500626e-16,0.0,2.4790312746171267e-14,"[184500.0, 184800.0, 0.15004667532058172, 0.14989338784158987]",0,49.99893442622948,49.99893442622948,49.99893442622949,0.0,0.0,49.99893442622948,{},previous-refinement-package
internal-temperature,Q3,spatial,L,Q3-spatial-L,8,8,300.0,259200.0,0,1,2.895535799994832,True,221841.08277370883,221880.0,221880.0,0.14995785912892948,0.12387628589070786,4.99934663106543e-11,5,9.888319529860468e-08,6.494901395715947e-10,0.0,0.0,0.0,"[221700.0, 222000.0, 0.1500355238453935, 0.14995785912892948]",231,49.998934426229596,49.99893442623011,49.99893442622982,5.115907697472721e-13,6.252776074688882e-13,49.99893442622948,{},existing-completion-package
internal-temperature,Q3,spatial,M,Q3-spatial-M,12,12,300.0,259200.0,1,1,3.9555466000019806,True,213374.19495377087,213420.0,213420.0,0.14993638714134797,0.12289735811913033,4.9961524537958594e-11,6,9.979815110416901e-08,5.159444118141093e-10,0.0,0.0,0.0,"[213300.0, 213600.0, 0.15001957331415186, 0.14993638714134797]",273,49.99893442622971,49.998934426230676,49.99893442623012,9.663381206337363e-13,1.1937117960769683e-12,49.99893442622948,{},existing-completion-package
internal-temperature,Q3,spatial,H,Q3-spatial-H,18,18,300.0,259200.0,2,1,5.887750499998219,True,210287.00624195047,210300.0,210300.0,0.1499952950261403,0.12229254694102548,4.999190495809752e-11,8,9.951727902857144e-08,5.43013744857858e-10,0.0,0.0,0.0,"[210000.0, 210300.0, 0.15008083549516152, 0.1499952950261403]",534,49.998934426229994,49.99893442623198,49.99893442623121,1.9895196601282805e-12,2.5011104298755527e-12,49.99893442622948,{},existing-completion-package
internal-temperature,Q3,spatial,X,Q3-spatial-X,27,27,300.0,259200.0,X,M,8.762481600002502,True,209005.8410294359,209040.0,209040.0,0.14997187700950904,0.12187921026583663,4.998465701178224e-11,9,9.990718576047275e-08,2.529007525820907e-10,0.0,0.0,0.0,"[208800.0, 209100.0, 0.1500582935994371, 0.14997187700950904]",697,49.99893442623585,49.998934426301844,49.998934426264306,6.59952092973981e-11,7.23616722098086e-11,49.99893442622948,{},previous-refinement-package
internal-temperature,Q3,spatial,Y,Q3-spatial-Y,36,36,300.0,259200.0,Y,M,11.893675400002394,True,208546.50863317307,208560.0,208560.0,0.1499257967646104,0.12166667753024873,4.998883516912186e-11,9,9.996709324222586e-08,2.6043322242024855e-10,0.0,0.0,0.0,"[208500.0, 208800.0, 0.15001243076280835, 0.1499257967646104]",696,49.99893442627365,49.99893442674971,49.99893442647771,4.760636329592671e-10,5.20230969414115e-10,49.99893442622948,{},previous-refinement-package
internal-temperature,Q4,spatial,L,Q4-spatial-L,8,8,300.0,259200.0,0,1,2.747204300001613,True,189886.1250996116,189900.0,189900.0,0.14999223099787928,0.11769997556747779,4.9994078642278354e-11,6,9.92376707198428e-08,7.79989232366209e-10,4.440892098500626e-16,0.0,4.0792193595404256e-15,"[189600.0, 189900.0, 0.1501385888512238, 0.14999223099787928]",301,49.998934426229596,49.998934426229994,49.99893442622976,3.979039320256561e-13,5.115907697472721e-13,49.99893442622948,{},existing-completion-package
internal-temperature,Q4,spatial,M,Q4-spatial-M,12,12,300.0,259200.0,1,1,3.4786988999985624,True,186821.2146792596,186840.0,186840.0,0.14995942641406115,0.11698131617841888,4.9971273697610745e-11,6,9.99937673495932e-08,8.934328808464882e-10,4.440892098500626e-16,0.0,7.218180869947748e-15,"[186600.0, 186900.0, 0.150110115345325, 0.14995942641406115]",314,49.99893442622971,49.99893442623079,49.99893442623015,1.0800249583553523e-12,1.3073986337985843e-12,49.99893442622948,{},existing-completion-package
internal-temperature,Q4,spatial,H,Q4-spatial-H,18,18,300.0,259200.0,2,1,5.060327099999995,True,185586.26261226917,185640.0,185640.0,0.14994121191675344,0.1165790169346745,4.997297319236678e-11,7,9.999680120054144e-08,5.48275581029231e-10,4.440892098500626e-16,0.0,1.2641259571463846e-14,"[185400.0, 185700.0, 0.15009363694883696, 0.14994121191675344]",413,49.99893442622994,49.99893442623181,49.99893442623105,1.8758328224066645e-12,2.3305801732931286e-12,49.99893442622948,{},existing-completion-package
internal-temperature,Q4,spatial,X,Q4-spatial-X,27,27,300.0,259200.0,X,M,7.628727899995283,True,185059.07396981536,185100.0,185100.0,0.14997808185293365,0.11637848760791399,4.9997915425065066e-11,7,9.991123101071864e-08,3.607957575821789e-10,4.440892098500626e-16,0.0,1.8004844366213006e-14,"[184800.0, 185100.0, 0.15013141810596356, 0.14997808185293365]",617,49.99893442623488,49.998934426319295,49.99893442627356,8.44124770082999e-11,8.981260180007666e-11,49.99893442622948,{},previous-refinement-package
internal-temperature,Q4,spatial,Y,Q4-spatial-Y,36,36,300.0,259200.0,Y,M,10.875674900002195,True,184874.96922578613,184920.0,184920.0,0.1498840451128862,0.11622102248202891,4.9995549032833575e-11,8,9.982937550223614e-08,2.0488597616153065e-10,4.440892098500626e-16,0.0,2.4790312746171267e-14,"[184800.0, 185100.0, 0.1500372973347417, 0.1498840451128862]",617,49.99893442628161,49.99893442709987,49.998934426663524,8.182610145013314e-10,8.703864295966923e-10,49.99893442622948,{},previous-refinement-package
prescribed-T-baseline,Q3,spatial,Z,Q3-spatial-Z,54,54,300.0,259200.0,Z,M,73.34127640000952,True,207896.08209883762,207900.0,207900.0,0.14999786248269018,0.12156158983653155,4.999790299384442e-11,10,9.99561813319616e-08,5.074378468002069e-10,0.0,0.0,0.0,"[207600.0, 207900.0, 0.1500849640145571, 0.14999786248269018]",0,49.99893442622948,49.99893442622948,49.998934426229496,0.0,0.0,49.99893442622948,{},partial-space-refinement-run
prescribed-T-baseline,Q3,spatial,W,Q3-spatial-W,72,72,300.0,259200.0,W,M,27.955354800011264,True,207759.62134519574,207780.0,207780.0,0.14995824391448054,0.12146803521215063,4.9997533750307596e-11,11,9.964841587994933e-08,4.1619511488137224e-10,0.0,0.0,0.0,"[207600.0, 207900.0, 0.15004534280905882, 0.14995824391448054]",0,49.99893442622948,49.99893442622948,49.99893442622949,0.0,0.0,49.99893442622948,{},partial-space-refinement-run
prescribed-T-baseline,Q3,spatial,V,Q3-spatial-V,108,108,300.0,259200.0,V,M,331.38952450000215,True,207651.0726103328,207660.0,207660.0,0.149926729554468,0.12139209986532519,4.999996315788261e-11,13,9.997822243701382e-08,3.3052759997827757e-10,0.0,0.0,0.0,"[207600.0, 207900.0, 0.1500138277789285, 0.149926729554468]",0,49.99893442622948,49.99893442622948,49.998934426229496,0.0,0.0,49.99893442622948,{},partial-space-refinement-run
internal-temperature,Q3,spatial,Z,Q3-spatial-Z,54,54,300.0,259200.0,Z,M,23.932764999990468,True,208194.2316888867,208200.0,208200.0,0.1499973252629986,0.12155896987092103,4.998259722965565e-11,10,9.99484583985577e-08,2.4530952878099296e-10,0.0,0.0,0.0,"[207900.0, 208200.0, 0.15008442547145587, 0.1499973252629986]",694,49.99893442707241,49.998934436268485,49.99893443100425,9.19607145988266e-09,1.0039002518169582e-08,49.99893442622948,{},partial-space-refinement-run
internal-temperature,Q3,spatial,W,Q3-spatial-W,72,72,300.0,259200.0,W,M,40.50430870000855,True,208057.71878526354,208080.0,208080.0,0.14995769219188387,0.12146540774772144,5.00613476318747e-11,11,9.964092909098277e-08,2.2299536105550036e-10,0.0,0.0,0.0,"[207900.0, 208200.0, 0.15004478972234697, 0.14995769219188387]",694,49.99893442800868,49.99893444740661,49.99893443630641,1.9397930373088457e-08,2.1177129383431748e-08,49.99893442622948,{},partial-space-refinement-run
