time_s,method,rho_d_kg_m3,net_inventory_rate_kg_s,local_positive_loss_rate_kg_s,boundary_net_rate_kg_s,water_balance_residual_kg_s,solver_relative_residual
600.0,moving-reference-moisture,860.8950662778333,-7.411625201968269e-06,7.411625201968269e-06,-7.411625197387133e-06,-4.581136190610468e-15,2.330505181683746e-11
1200.0,moving-reference-moisture,899.8786516217094,-9.402108163681087e-06,9.402108163681087e-06,-9.402108164382532e-06,7.014449242802312e-16,1.474168134920547e-11
1800.0,moving-reference-moisture,934.9713194697231,-7.488210256866434e-06,7.488210256866434e-06,-7.488210257003389e-06,1.3695506317565331e-16,4.274986894925016e-12
2400.0,moving-reference-moisture,964.2417015822199,-7.177493314895584e-06,7.177493314895584e-06,-7.177493314636636e-06,-2.589472893380594e-16,1.0845728057921386e-11
3000.0,moving-reference-moisture,990.4406596149792,-6.688868648540843e-06,6.688868648540843e-06,-6.6888686498166e-06,1.27575697944117e-15,2.705554637801302e-11
3600.0,moving-reference-moisture,1019.12854566628,-6.4356771043106485e-06,6.4356771043106485e-06,-6.435677102132904e-06,-2.177744577280382e-15,3.22108525086552e-11
4200.0,moving-reference-moisture,1053.968305257669,-6.190138410063265e-06,6.190138410063265e-06,-6.190138406388169e-06,-3.675096387151591e-15,2.4009190551018284e-11
4800.0,moving-reference-moisture,1092.4232731585973,-6.033547358765829e-06,6.033547358765829e-06,-6.033547354966398e-06,-3.7994306594131555e-15,2.82258479216004e-11
5400.0,moving-reference-moisture,1130.9529761475812,-5.857384810035065e-06,5.857384810035065e-06,-5.857384807393918e-06,-2.64114698536079e-15,2.390130998447905e-11
6000.0,moving-reference-moisture,1170.5016747857062,-5.7465034345184065e-06,5.7465034345184065e-06,-5.7465034328608156e-06,-1.657590961733936e-15,3.211950130300967e-11
6600.0,moving-reference-moisture,1210.1990647035411,-5.5990510573856915e-06,5.5990510573856915e-06,-5.599051056581144e-06,-8.045474686859191e-16,2.0906052525615058e-11
7200.0,moving-reference-moisture,1242.130177514793,-5.483957084650146e-06,5.483957084650146e-06,-5.483957083334538e-06,-1.3156081855435903e-15,3.1590900067943646e-11
7800.0,moving-reference-moisture,1263.700479839781,-5.345615047603078e-06,5.345615047603078e-06,-5.345615046139253e-06,-1.4638253987859368e-15,2.7995926059534548e-11
8400.0,moving-reference-moisture,1281.10490560437,-5.2399555652695414e-06,5.2399555652695414e-06,-5.23995556329875e-06,-1.9707915583765806e-15,3.621853304918575e-11
9000.0,moving-reference-moisture,1299.050544551691,-5.145918862198695e-06,5.145918862198695e-06,-5.145918861301636e-06,-8.970587131191393e-16,9.710825057034894e-12
9600.0,moving-reference-moisture,1319.0375341624174,-5.024876899335624e-06,5.024876899335624e-06,-5.0248768973749505e-06,-1.960673749821628e-15,1.907051430320149e-11
10200.0,moving-reference-moisture,1339.6822206160532,-4.9435797517949806e-06,4.9435797517949806e-06,-4.9435797496734985e-06,-2.1214821078249096e-15,8.310479411083578e-12
10800.0,moving-reference-moisture,1361.7281326389625,-4.877103206526738e-06,4.877103206526738e-06,-4.877103203314788e-06,-3.211949783021254e-15,1.10575763083595e-11
11400.0,moving-reference-moisture,1386.5949295342753,-4.799637486097941e-06,4.799637486097941e-06,-4.799637483651734e-06,-2.4462074347478963e-15,1.4220509544209311e-11
12000.0,moving-reference-moisture,1413.2444776697705,-4.725380560640969e-06,4.725380560640969e-06,-4.725380560125878e-06,-5.150908996207071e-16,1.2191802422591988e-11
12600.0,moving-reference-moisture,1438.5333976579973,-4.652957721140584e-06,4.652957721140584e-06,-4.652957720882321e-06,-2.5826288671667794e-16,2.344381814851465e-12
13200.0,moving-reference-moisture,1461.0936850279866,-4.574371081943859e-06,4.574371081943859e-06,-4.574371081915608e-06,-2.825108988977268e-17,1.3633637726416584e-11
13800.0,moving-reference-moisture,1482.4332843844757,-4.503709560746245e-06,4.503709560746245e-06,-4.5037095606390175e-06,-1.0722759485881639e-16,2.3552534333549003e-12
14400.0,moving-reference-moisture,1503.5326140518873,-4.460325216495056e-06,4.460325216495056e-06,-4.460325215405289e-06,-1.0897671789489652e-15,4.9721985377647694e-12
15000.0,moving-reference-moisture,1525.1506851970596,-4.390310556062288e-06,4.390310556062288e-06,-4.390310555825397e-06,-2.368913984245047e-16,4.758701747306527e-12
15600.0,moving-reference-moisture,1546.5638821052055,-4.336010280245268e-06,4.336010280245268e-06,-4.33601027868658e-06,-1.5586880066807349e-15,1.8776522589339814e-11
16200.0,moving-reference-moisture,1566.5230209632302,-4.28081170386442e-06,4.28081170386442e-06,-4.28081170195002e-06,-1.9144003399131256e-15,2.0838208081559623e-11
16800.0,moving-reference-moisture,1583.946207672391,-4.2272973070753426e-06,4.2272973070753426e-06,-4.22729730428461e-06,-2.790732156812952e-15,2.5536461483282495e-11
17400.0,moving-reference-moisture,1600.15168646394,-4.175274405377903e-06,4.175274405377903e-06,-4.175274401860898e-06,-3.517004463810154e-15,2.980344392911602e-11
18000.0,moving-reference-moisture,1617.5356646888022,-4.1261405840023116e-06,4.1261405840023116e-06,-4.126140580272755e-06,-3.7295563704953065e-15,3.1545032464639394e-11
18600.0,moving-reference-moisture,1637.807119084327,-4.080416483650036e-06,4.080416483650036e-06,-4.080416482137636e-06,-1.5123993501791819e-15,9.630542585850886e-12
19200.0,moving-reference-moisture,1659.5947475578125,-4.037009662984962e-06,4.037009662984962e-06,-4.037009661601748e-06,-1.3832141202286923e-15,1.0551627814712683e-11
19800.0,moving-reference-moisture,1680.66451835383,-3.994395516915668e-06,3.994395516915668e-06,-3.994395515344096e-06,-1.5715713778084728e-15,1.1712503404332135e-11
20400.0,moving-reference-moisture,1700.4399461698388,-3.952216019284295e-06,3.952216019284295e-06,-3.9522160173418905e-06,-1.9424049432152472e-15,1.3232903075020767e-11
21000.0,moving-reference-moisture,1719.5478468009794,-3.910928590035895e-06,3.910928590035895e-06,-3.9109285877526885e-06,-2.2832069554771205e-15,1.498534220602061e-11
21600.0,moving-reference-moisture,1737.4022446389488,-3.870421398733043e-06,3.870421398733043e-06,-3.870421395898614e-06,-2.834428892495907e-15,1.7177285825955605e-11
22200.0,moving-reference-moisture,1753.4172317955504,-3.830385551153745e-06,3.830385551153745e-06,-3.830385550533695e-06,-6.200501402467765e-16,7.936357128653227e-12
22800.0,moving-reference-moisture,1768.3872049511801,-3.7911672400569807e-06,3.7911672400569807e-06,-3.7911672394131688e-06,-6.438119555161013e-16,8.66995136467683e-12
23400.0,moving-reference-moisture,1783.8341121292017,-3.753439366409037e-06,3.753439366409037e-06,-3.7534393655774278e-06,-8.316093243177468e-16,9.026640052408743e-12
24000.0,moving-reference-moisture,1800.7336336725632,-3.717499430344498e-06,3.717499430344498e-06,-3.7174994291725405e-06,-1.1719573269198917e-15,9.552773786787081e-12
24600.0,moving-reference-moisture,1818.1833605775425,-3.682755539704856e-06,3.682755539704856e-06,-3.6827555383129693e-06,-1.3918864670591554e-15,1.0571511191254318e-11
25200.0,moving-reference-moisture,1834.8942054824174,-3.6484533374836053e-06,3.6484533374836053e-06,-3.6484533360618288e-06,-1.4217765657018652e-15,1.0866993324077992e-11
25800.0,moving-reference-moisture,1850.946042423318,-3.614580778338813e-06,3.614580778338813e-06,-3.614580776855641e-06,-1.4831720548176986e-15,1.1611668445014215e-11
26400.0,moving-reference-moisture,1866.3510314438606,-3.581240510717707e-06,3.581240510717707e-06,-3.5812405092037415e-06,-1.513965514098655e-15,1.2103766727265146e-11
27000.0,moving-reference-moisture,1879.6119976550694,-3.5478750222870516e-06,3.5478750222870516e-06,-3.5478750212799684e-06,-1.0070832107697894e-15,1.1487185148672512e-11
27600.0,moving-reference-moisture,1889.9212872300184,-3.514148918581544e-06,3.514148918581544e-06,-3.514148918165891e-06,-4.1565304326131487e-16,1.2159853656263883e-11
28200.0,moving-reference-moisture,1898.8329621710657,-3.4807669296432262e-06,3.4807669296432262e-06,-3.4807669294591626e-06,-1.8406364757014848e-16,1.35225648310656e-11
28800.0,moving-reference-moisture,1908.395836206109,-3.4486309788249286e-06,3.4486309788249286e-06,-3.448630978365629e-06,-4.592998040003817e-16,1.3763227090651195e-11
29400.0,moving-reference-moisture,1920.1422735919293,-3.4182165181267036e-06,3.4182165181267036e-06,-3.4182165169195965e-06,-1.207107076648577e-15,1.484909165252003e-11
30000.0,moving-reference-moisture,1932.7166151110778,-3.3887757977239292e-06,3.3887757977239292e-06,-3.388775796172148e-06,-1.5517813000288233e-15,1.6774890856795765e-11
30600.0,moving-reference-moisture,1943.8177410111762,-3.359177286913715e-06,3.359177286913715e-06,-3.3591772857516355e-06,-1.1620796522054857e-15,1.703924047808241e-11
31200.0,moving-reference-moisture,1952.3387761039671,-3.3289945038310777e-06,3.3289945038310777e-06,-3.3289945033864345e-06,-4.446431693975669e-16,1.8501418850011067e-11
31800.0,moving-reference-moisture,1959.8382342743214,-3.2989730069017206e-06,3.2989730069017206e-06,-3.298973006607082e-06,-2.9463871663651386e-16,2.0445914775986496e-11
32400.0,moving-reference-moisture,1967.9830753455522,-3.2698913691601415e-06,3.2698913691601415e-06,-3.269891368486374e-06,-6.737672756957497e-16,2.1586729014714104e-11
33000.0,moving-reference-moisture,1977.9322904705036,-3.242106194666125e-06,3.242106194666125e-06,-3.2421061931437175e-06,-1.522407467967465e-15,2.3869248568992605e-11
33600.0,moving-reference-moisture,1988.7216382523504,-3.215084922453614e-06,3.215084922453614e-06,-3.2150849204370375e-06,-2.016576653790991e-15,2.6686165287553662e-11
34200.0,moving-reference-moisture,1998.8287351131446,-3.1880821425850815e-06,3.1880821425850815e-06,-3.1880821406709547e-06,-1.9141267482711624e-15,2.8169397011878626e-11
34800.0,moving-reference-moisture,2007.7144519029036,-3.1608923187018913e-06,3.1608923187018913e-06,-3.160892317072606e-06,-1.6292852382190654e-15,2.971988605697172e-11
35400.0,moving-reference-moisture,2016.0349896555445,-3.1338551034097874e-06,3.1338551034097874e-06,-3.1338551017680423e-06,-1.6417450928731762e-15,3.192467069072816e-11
36000.0,moving-reference-moisture,2024.0304246329447,-3.1071239930103884e-06,3.1071239930103884e-06,-3.1071239912846558e-06,-1.7257326447581763e-15,3.432504789630603e-11
36600.0,moving-reference-moisture,2031.8193706599925,-3.0807151454547366e-06,3.0807151454547366e-06,-3.0807151435706804e-06,-1.8840562316106875e-15,3.6714646412050796e-11
37200.0,moving-reference-moisture,2039.3198080049453,-3.054567411617177e-06,3.054567411617177e-06,-3.054567411673892e-06,5.671520856577981e-17,4.0629380305659577e-11
37800.0,moving-reference-moisture,2046.474946903958,-3.0286295321974303e-06,3.0286295321974303e-06,-3.0286295322727608e-06,7.533045164758757e-17,4.3081084274366723e-11
38400.0,moving-reference-moisture,2053.067316165727,-3.002805192218311e-06,3.002805192218311e-06,-3.0028051925013538e-06,2.830428355886025e-16,4.626711734131241e-11
39000.0,moving-reference-moisture,2059.356827050037,-2.9771814575967945e-06,2.9771814575967945e-06,-2.9771814578684244e-06,2.7162991365729805e-16,4.930657561395275e-11
39600.0,moving-reference-moisture,2066.0115898211134,-2.9520074301048097e-06,2.9520074301048097e-06,-2.952007429871026e-06,-2.3378363454102866e-16,1.730398245565761e-11
40200.0,moving-reference-moisture,2073.7067144717826,-2.927501529094948e-06,2.927501529094948e-06,-2.9275015284690237e-06,-6.25924313735985e-16,1.8355546357561398e-11
40800.0,moving-reference-moisture,2081.841778302593,-2.9033681642273027e-06,2.9033681642273027e-06,-2.903368163401504e-06,-8.257986782995823e-16,1.9459663167330957e-11
41400.0,moving-reference-moisture,2089.1599984458694,-2.879071603782194e-06,2.879071603782194e-06,-2.8790716030875723e-06,-6.946216503736242e-16,2.091503532082264e-11
42000.0,moving-reference-moisture,2095.280080808796,-2.8544885858024442e-06,2.8544885858024442e-06,-2.8544885854118354e-06,-3.9060882010984697e-16,2.230576709732754e-11
42600.0,moving-reference-moisture,2100.804258512629,-2.829917238329329e-06,2.829917238329329e-06,-2.8299172380120646e-06,-3.172642372070971e-16,2.3793474334002272e-11
43200.0,moving-reference-moisture,2105.933596318212,-2.805467535690016e-06,2.805467535690016e-06,-2.8054675354068966e-06,-2.83119492070329e-16,2.5292418768690436e-11
43800.0,moving-reference-moisture,2110.663622658041,-2.7811157189520845e-06,2.7811157189520845e-06,-2.781115718704339e-06,-2.477457021270949e-16,2.680939295687131e-11
44400.0,moving-reference-moisture,2115.074067511288,-2.7568707100201218e-06,2.7568707100201218e-06,-2.756870709773887e-06,-2.4623459534919324e-16,2.834148433350337e-11
45000.0,moving-reference-moisture,2119.498350926893,-2.732841412425518e-06,2.732841412425518e-06,-2.732841412039106e-06,-3.864117718562019e-16,2.99491462011062e-11
45600.0,moving-reference-moisture,2124.049070714141,-2.709046974316404e-06,2.709046974316404e-06,-2.7090469737746763e-06,-5.417275447130131e-16,3.151157595494905e-11
46200.0,moving-reference-moisture,2128.614462348906,-2.6854123700145176e-06,2.6854123700145176e-06,-2.685412369338127e-06,-6.763905367333962e-16,3.314732306716783e-11
46800.0,moving-reference-moisture,2133.1945889698236,-2.661916061397758e-06,2.661916061397758e-06,-2.661916060575328e-06,-8.224300282683519e-16,3.483095254215146e-11
47400.0,moving-reference-moisture,2137.9356277533952,-2.6386030841448987e-06,2.6386030841448987e-06,-2.6386030831363756e-06,-1.0085231667801217e-15,3.648853986633928e-11
48000.0,moving-reference-moisture,2142.692489602852,-2.615406080604603e-06,2.615406080604603e-06,-2.615406079443552e-06,-1.1610509306910453e-15,3.828522034922688e-11
48600.0,moving-reference-moisture,2147.0240152491074,-2.5921473560509655e-06,2.5921473560509655e-06,-2.5921473548775475e-06,-1.1734180352374318e-15,4.025195969474676e-11
49200.0,moving-reference-moisture,2150.6129477270974,-2.5687160237894735e-06,2.5687160237894735e-06,-2.5687160227459696e-06,-1.0435039334358298e-15,4.219159907506537e-11
49800.0,moving-reference-moisture,2153.878391000784,-2.545295246185547e-06,2.545295246185547e-06,-2.545295245100596e-06,-1.0849509496108772e-15,4.4156536801315557e-11
50400.0,moving-reference-moisture,2157.48453090169,-2.5221448155609713e-06,2.5221448155609713e-06,-2.5221448141644897e-06,-1.39648162079801e-15,4.6213910418611076e-11
51000.0,moving-reference-moisture,2162.0095991822836,-2.4994515275510068e-06,2.4994515275510068e-06,-2.4994515256096187e-06,-1.9413880801620684e-15,4.830577561349176e-11
51600.0,moving-reference-moisture,2166.9961811080498,-2.4769874292324947e-06,2.4769874292324947e-06,-2.4769874282451566e-06,-9.873380257363444e-16,1.3920285688981638e-11
52200.0,moving-reference-moisture,2171.551222457547,-2.4543817739290664e-06,2.4543817739290664e-06,-2.4543817729073177e-06,-1.0217487392185504e-15,1.466081277817851e-11
52800.0,moving-reference-moisture,2175.314328368744,-2.4315209893161095e-06,2.4315209893161095e-06,-2.4315209882696752e-06,-1.046434243916856e-15,1.563782864153357e-11
53400.0,moving-reference-moisture,2178.7489531737224,-2.40862442511798e-06,2.40862442511798e-06,-2.4086244240186646e-06,-1.0993153578468893e-15,1.648299637433524e-11
54000.0,moving-reference-moisture,2182.191718848548,-2.3858353196837817e-06,2.3858353196837817e-06,-2.38583531851603e-06,-1.1677518083367741e-15,1.720047003612753e-11
54600.0,moving-reference-moisture,2185.914547264241,-2.363239474707039e-06,2.363239474707039e-06,-2.3632394734646493e-06,-1.2423898105499813e-15,1.778932225005525e-11
55200.0,moving-reference-moisture,2189.6469105544493,-2.340709870583935e-06,2.340709870583935e-06,-2.340709869247073e-06,-1.3368619362560952e-15,1.8623568175282038e-11
55800.0,moving-reference-moisture,2192.9106141553716,-2.318054846702713e-06,2.318054846702713e-06,-2.3180548453184775e-06,-1.384235641963081e-15,1.9579733985901556e-11
56400.0,moving-reference-moisture,2195.516189165206,-2.2952183445844063e-06,2.2952183445844063e-06,-2.2952183431811835e-06,-1.4032227325087333e-15,2.0596351852112982e-11
57000.0,moving-reference-moisture,2197.806541782687,-2.272352479771338e-06,2.272352479771338e-06,-2.272352478301663e-06,-1.469675008319675e-15,2.1614183935045114e-11
57600.0,moving-reference-moisture,2200.10048019876,-2.2495814318847404e-06,2.2495814318847404e-06,-2.2495814303295583e-06,-1.5551821373120493e-15,2.253045743713721e-11
58200.0,moving-reference-moisture,2202.683227924127,-2.2269957934059485e-06,2.2269957934059485e-06,-2.226995791728527e-06,-1.6774216970950537e-15,2.344366309248311e-11
58800.0,moving-reference-moisture,2205.2705262393565,-2.2044654039320753e-06,2.2044654039320753e-06,-2.2044654021511953e-06,-1.7808799953385884e-15,2.4471106463659794e-11
59400.0,moving-reference-moisture,2207.3257642697213,-2.181780980430418e-06,2.181780980430418e-06,-2.1817809786123246e-06,-1.818093540843259e-15,2.5550298554282522e-11
60000.0,moving-reference-moisture,2208.6229347746093,-2.1588769179919796e-06,2.1588769179919796e-06,-2.1588769161248386e-06,-1.867140983654019e-15,2.6838774120601325e-11
60600.0,moving-reference-moisture,2209.6525384109727,-2.1359627660707084e-06,2.1359627660707084e-06,-2.135962764098732e-06,-1.9719765574697894e-15,2.8102081312635793e-11
61200.0,moving-reference-moisture,2210.9517608073747,-2.1132406978188074e-06,2.1132406978188074e-06,-2.113240695719139e-06,-2.0996684683342696e-15,2.925833501241189e-11
61800.0,moving-reference-moisture,2213.01494788635,-2.090868926930318e-06,2.090868926930318e-06,-2.090868924740055e-06,-2.190263300724327e-15,3.0214038103354915e-11
62400.0,moving-reference-moisture,2215.620476551433,-2.068726437032934e-06,2.068726437032934e-06,-2.068726434714341e-06,-2.3185930273980897e-15,3.1467313302736e-11
63000.0,moving-reference-moisture,2218.230609418283,-2.046592872065316e-06,2.046592872065316e-06,-2.0465928696443806e-06,-2.420935359733617e-15,3.2808026700037613e-11
63600.0,moving-reference-moisture,2220.8453573413403,-2.0244783598829643e-06,2.0244783598829643e-06,-2.024478357370692e-06,-2.512272192985469e-15,3.4149476921985296e-11
64200.0,moving-reference-moisture,2223.464731207051,-2.002396812483393e-06,2.002396812483393e-06,-2.002396812467348e-06,-1.604534511983821e-17,9.674977635951248e-12
64800.0,moving-reference-moisture,2225.5454621942254,-1.980157380107063e-06,1.980157380107063e-06,-1.9801573800743696e-06,-3.269335418164786e-17,1.0083673509599061e-11
65400.0,moving-reference-moisture,2226.9493417844637,-1.9577332086293684e-06,1.9577332086293684e-06,-1.9577332085666126e-06,-6.275582402912386e-17,1.0512974898504213e-11
66000.0,moving-reference-moisture,2228.0824705558825,-1.9352982196988512e-06,1.9352982196988512e-06,-1.935298219635963e-06,-6.288838468536916e-17,1.0950103419734371e-11
66600.0,moving-reference-moisture,2229.2164643947235,-1.9129546515758605e-06,1.9129546515758605e-06,-1.91295465153717e-06,-3.8690347448208304e-17,1.1388245962908495e-11
67200.0,moving-reference-moisture,2230.4421504001048,-1.8907243481211056e-06,1.8907243481211056e-06,-1.8907243481076543e-06,-1.3451306718871917e-17,1.18686458069946e-11
67800.0,moving-reference-moisture,2231.668847558497,-1.8685634969312053e-06,1.8685634969312053e-06,-1.8685634969508084e-06,1.9603095256543086e-17,1.2370483188741238e-11
68400.0,moving-reference-moisture,2232.896556982432,-1.846469014913968e-06,1.846469014913968e-06,-1.8464690149686695e-06,5.4701387733682716e-17,1.2915185733311459e-11
69000.0,moving-reference-moisture,2234.125279785972,-1.8244414009571092e-06,1.8244414009571092e-06,-1.824441401047811e-06,9.070177029964818e-17,1.350579768697755e-11
69600.0,moving-reference-moisture,2235.3550170847157,-1.8024820536497189e-06,1.8024820536497189e-06,-1.8024820537774489e-06,1.2773002734710673e-16,1.4143926571969889e-11
70200.0,moving-reference-moisture,2236.5857699957924,-1.7805929484945935e-06,1.7805929484945935e-06,-1.7805929486588442e-06,1.6425069990092314e-16,1.4834094180455076e-11
70800.0,moving-reference-moisture,2237.817539637874,-1.7587763914619542e-06,1.7587763914619542e-06,-1.758776391662236e-06,2.0028178741122657e-16,1.5576089588382404e-11
71400.0,moving-reference-moisture,2239.050327131169,-1.7370349076402861e-06,1.7370349076402861e-06,-1.7370349078756336e-06,2.353474691198969e-16,1.6370891960074055e-11
72000.0,moving-reference-moisture,2240.284133597432,-1.7153711824941768e-06,1.7153711824941768e-06,-1.7153711827631468e-06,2.6897001844468273e-16,1.721785668451208e-11
72600.0,moving-reference-moisture,2241.518960159962,-1.693788028831422e-06,1.693788028831422e-06,-1.6937880291321048e-06,3.006827202316469e-16,1.8115243336368374e-11
73200.0,moving-reference-moisture,2242.7548079436074,-1.672288365981867e-06,1.672288365981867e-06,-1.672288366311905e-06,3.300381293264024e-16,1.9060552624916233e-11
73800.0,moving-reference-moisture,2243.991678074765,-1.6508752050268534e-06,1.6508752050268534e-06,-1.650875205383442e-06,3.5658858881632526e-16,2.0050173881708896e-11
74400.0,moving-reference-moisture,2245.229571681388,-1.6295516371415306e-06,1.6295516371415306e-06,-1.6295516375214481e-06,3.799175702496032e-16,2.1079007306818733e-11
75000.0,moving-reference-moisture,2246.4684898929845,-1.608320823638485e-06,1.608320823638485e-06,-1.6083208240381386e-06,3.996536496788652e-16,2.2140180410243115e-11
75600.0,moving-reference-moisture,2247.708433840621,-1.5871859870048786e-06,1.5871859870048786e-06,-1.5871859874203845e-06,4.1550587128672944e-16,2.3223334760903716e-11
76200.0,moving-reference-moisture,2248.9494046569253,-1.5661504025696635e-06,1.5661504025696635e-06,-1.5661504029969785e-06,4.273149928791121e-16,2.431379631008667e-11
76800.0,moving-reference-moisture,2250.1914034760885,-1.545217390596262e-06,1.545217390596262e-06,-1.5452173910313285e-06,4.35066403137673e-16,2.5390863538689628e-11
77400.0,moving-reference-moisture,2251.434431433868,-1.5243903086843206e-06,1.5243903086843206e-06,-1.5243903091232995e-06,4.389788483210406e-16,2.6426392354015357e-11
78000.0,moving-reference-moisture,2252.9550870814173,-1.503764181230303e-06,1.503764181230303e-06,-1.503764181665236e-06,4.3493299544848044e-16,2.745294096122087e-11
78600.0,moving-reference-moisture,2254.4772838629588,-1.4832431089936441e-06,1.4832431089936441e-06,-1.4832431094247085e-06,4.3106438422013324e-16,2.821614991234346e-11
79200.0,moving-reference-moisture,2255.1697015200393,-1.4625598820592056e-06,1.4625598820592056e-06,-1.462559882502055e-06,4.4284936537351913e-16,2.8972012246601998e-11
79800.0,moving-reference-moisture,2255.1697015200393,-1.4417892611019891e-06,1.4417892611019891e-06,-1.4417892615595061e-06,4.575170114046482e-16,2.973495213455814e-11
80400.0,moving-reference-moisture,2255.1697015200407,-1.4211762667500548e-06,1.4211762667500548e-06,-1.4211762672077012e-06,4.576463956873413e-16,3.050683707756874e-11
81000.0,moving-reference-moisture,2255.1697015200393,-1.4007162636416637e-06,1.4007162636416637e-06,-1.4007162640933902e-06,4.51726482418981e-16,3.1108190053804666e-11
81600.0,moving-reference-moisture,2256.139622275039,-1.3807132249252756e-06,1.3807132249252756e-06,-1.3807132253500495e-06,4.247738940373492e-16,3.112723539914222e-11
82200.0,moving-reference-moisture,2257.9425645331503,-1.361095135569234e-06,1.361095135569234e-06,-1.361095136033478e-06,4.642439353135051e-16,3.107960658095428e-11
82800.0,moving-reference-moisture,2258.9142748919617,-1.341321574829389e-06,1.341321574829389e-06,-1.3413215752803427e-06,4.509537766128483e-16,3.1731162220506055e-11
83400.0,moving-reference-moisture,2258.9142748919617,-1.3213830071419704e-06,1.3213830071419704e-06,-1.3213830075593213e-06,4.173509208040861e-16,3.265442545071743e-11
84000.0,moving-reference-moisture,2258.9142748919608,-1.301614192275745e-06,1.301614192275745e-06,-1.3016141926938921e-06,4.1814713177450516e-16,3.319412139748583e-11
84600.0,moving-reference-moisture,2258.9142748919617,-1.2820150855095527e-06,1.2820150855095527e-06,-1.2820150859449516e-06,4.353988635694703e-16,3.348652267844144e-11
85200.0,moving-reference-moisture,2259.886612652183,-1.2628780583614345e-06,1.2628780583614345e-06,-1.2628780590875192e-06,7.260846891993852e-16,3.2476869060246326e-11
85800.0,moving-reference-moisture,2261.694049155892,-1.2441358845748823e-06,1.2441358845748823e-06,-1.244135885933994e-06,1.3591115859563343e-15,3.302245838990834e-11
86400.0,moving-reference-moisture,2262.668182470392,-1.2252734352499482e-06,1.2252734352499482e-06,-1.2252734365867962e-06,1.3368479602124655e-15,3.320895446083233e-11
87000.0,moving-reference-moisture,2262.668182470392,-1.2062795787742392e-06,1.2062795787742392e-06,-1.2062795798785556e-06,1.1043164521257155e-15,3.2902178092667895e-11
87600.0,moving-reference-moisture,2262.668182470392,-1.187471382312271e-06,1.187471382312271e-06,-1.1874713835418672e-06,1.2295962249146523e-15,3.323697612615697e-11
88200.0,moving-reference-moisture,2262.668182470392,-1.1688493270364248e-06,1.1688493270364248e-06,-1.1688493284576417e-06,1.4212168886819669e-15,3.3971036609972726e-11
88800.0,moving-reference-moisture,2263.6429452732923,-1.1506918428111004e-06,1.1506918428111004e-06,-1.1506918447611198e-06,1.9500193458945898e-15,3.811351928500483e-11
89400.0,moving-reference-moisture,2265.4548909722644,-1.1329362050863905e-06,1.1329362050863905e-06,-1.1329362073346415e-06,2.2482509645351196e-15,4.2953287167147716e-11
90000.0,moving-reference-moisture,2266.4314553046584,-1.1150940123416963e-06,1.1150940123416963e-06,-1.1150940145802798e-06,2.2385835657498694e-15,4.314261534859732e-11
90600.0,moving-reference-moisture,2266.431455304659,-1.0971523476549067e-06,1.0971523476549067e-06,-1.0971523498154322e-06,2.160525456253886e-15,4.190363169416685e-11
91200.0,moving-reference-moisture,2266.4314553046584,-1.0794095514193372e-06,1.0794095514193372e-06,-1.0794095536132692e-06,2.193932012177122e-15,4.285515877506378e-11
91800.0,moving-reference-moisture,2266.4314553046584,-1.0618664616328464e-06,1.0618664616328464e-06,-1.0618664638657098e-06,2.2328633404988243e-15,4.413822825333827e-11
92400.0,moving-reference-moisture,2266.431455304659,-1.044521393011935e-06,1.044521393011935e-06,-1.0445213952739407e-06,2.2620057208073453e-15,4.546684256967146e-11
93000.0,moving-reference-moisture,2266.4314553046584,-1.0273737036065045e-06,1.0273737036065045e-06,-1.0273737058842538e-06,2.277749310439724e-15,4.671265829001795e-11
93600.0,moving-reference-moisture,2266.4314553046584,-1.0104237059224682e-06,1.0104237059224682e-06,-1.0104237082040864e-06,2.2816181334263082e-15,4.783162824225561e-11
94200.0,moving-reference-moisture,2266.431455304659,-9.93672316010018e-07,9.93672316010018e-07,-9.936723182856073e-07,2.2755893764242257e-15,4.8815441083180543e-11
94800.0,moving-reference-moisture,2266.4314553046584,-9.771207517630049e-07,9.771207517630049e-07,-9.771207540250525e-07,2.2620476489382344e-15,4.96684765948415e-11
95400.0,moving-reference-moisture,2266.4314553046584,-9.607703400303547e-07,9.607703400303547e-07,-9.607703404653444e-07,4.349897466559465e-16,1.1124188900830231e-11
96000.0,moving-reference-moisture,2267.4086512211275,-9.448711347459858e-07,9.448711347459858e-07,-9.448711351723085e-07,4.2632269378140367e-16,1.133350577824637e-11
96600.0,moving-reference-moisture,2269.225121127242,-9.293713526882605e-07,9.293713526882605e-07,-9.293713531055668e-07,4.1730623981611845e-16,1.1500447907884126e-11
97200.0,moving-reference-moisture,2270.204124573299,-9.138404461133989e-07,9.138404461133989e-07,-9.138404465243107e-07,4.1091177633905893e-16,1.1439650923953986e-11
97800.0,moving-reference-moisture,2270.204124573299,-8.98262827769074e-07,8.98262827769074e-07,-8.982628281747673e-07,4.056933122301436e-16,1.1306901301873726e-11
98400.0,moving-reference-moisture,2270.204124573299,-8.828980756162207e-07,8.828980756162207e-07,-8.828980760150758e-07,3.988551093678412e-16,1.1255023540910918e-11
99000.0,moving-reference-moisture,2270.204124573299,-8.677474636695543e-07,8.677474636695543e-07,-8.677474640603655e-07,3.9081115510512235e-16,1.1197029592515746e-11
99600.0,moving-reference-moisture,2270.204124573299,-8.528096162593995e-07,8.528096162593995e-07,-8.52809616641694e-07,3.822945564578356e-16,1.1129631170914349e-11
100200.0,moving-reference-moisture,2270.204124573299,-8.380833278455201e-07,8.380833278455201e-07,-8.380833282190609e-07,3.735407885853176e-16,1.1050409195834248e-11
100800.0,moving-reference-moisture,2270.204124573299,-8.235678484441847e-07,8.235678484441847e-07,-8.235678488088136e-07,3.646289431890183e-16,1.0958313376640968e-11
101400.0,moving-reference-moisture,2270.204124573299,-8.092627558586155e-07,8.092627558586155e-07,-8.092627562142338e-07,3.5561831257524545e-16,1.0853323674161006e-11
102000.0,moving-reference-moisture,2270.204124573299,-7.951677853854661e-07,7.951677853854661e-07,-7.951677857319934e-07,3.4652731971060186e-16,1.0735619102539161e-11
102600.0,moving-reference-moisture,2270.204124573299,-7.81282706579561e-07,7.81282706579561e-07,-7.812827069169355e-07,3.373744934408087e-16,1.0605449675686817e-11
103200.0,moving-reference-moisture,2270.204124573299,-7.67607248655186e-07,7.67607248655186e-07,-7.676072489833608e-07,3.2817476272156134e-16,1.046338542203207e-11
103800.0,moving-reference-moisture,2270.204124573299,-7.541410594000606e-07,7.541410594000606e-07,-7.541410597190512e-07,3.189905962327198e-16,1.030977487169741e-11
104400.0,moving-reference-moisture,2270.204124573299,-7.408836842128127e-07,7.408836842128127e-07,-7.408836845225609e-07,3.097481962287545e-16,1.0145396879619707e-11
105000.0,moving-reference-moisture,2271.1837617078313,-7.280426774697e-07,7.280426774697e-07,-7.280426777697767e-07,3.000767740370049e-16,1.0069351497651608e-11
105600.0,moving-reference-moisture,2273.004770895489,-7.155752077715658e-07,7.155752077715658e-07,-7.155752080622879e-07,2.9072203628841e-16,1.0001236030091726e-11
106200.0,moving-reference-moisture,2273.986221584705,-7.031209464721939e-07,7.031209464721939e-07,-7.031209467543993e-07,2.822053317620048e-16,9.775614355527895e-12
106800.0,moving-reference-moisture,2273.986221584705,-6.906611850990686e-07,6.906611850990686e-07,-6.906611866401195e-07,1.541050874894769e-15,4.981370854207904e-11
107400.0,moving-reference-moisture,2273.986221584705,-6.784076005372158e-07,6.784076005372158e-07,-6.784076020314459e-07,1.4942300699441035e-15,4.8671810226428585e-11
108000.0,moving-reference-moisture,2273.986221584705,-6.663609495650544e-07,6.663609495650544e-07,-6.663609510131898e-07,1.4481353839874717e-15,4.7670698750447117e-11
108600.0,moving-reference-moisture,2273.986221584705,-6.545194731318728e-07,6.545194731318728e-07,-6.54519474534514e-07,1.4026411385113248e-15,4.6700179885747654e-11
109200.0,moving-reference-moisture,2273.986221584705,-6.428810210407981e-07,6.428810210407981e-07,-6.428810223983597e-07,1.3575616215419774e-15,4.571561023785456e-11
109800.0,moving-reference-moisture,2273.986221584705,-6.31443532156004e-07,6.31443532156004e-07,-6.314435334688191e-07,1.3128150944000192e-15,4.4699221754794206e-11
110400.0,moving-reference-moisture,2273.986221584705,-6.202050786826443e-07,6.202050786826443e-07,-6.202050799516497e-07,1.2690053856977243e-15,4.3644182482144064e-11
111000.0,moving-reference-moisture,2273.986221584705,-6.091638088647112e-07,6.091638088647112e-07,-6.091638100899808e-07,1.2252695806200774e-15,4.2552027607232556e-11
111600.0,moving-reference-moisture,2273.986221584705,-5.98317888436298e-07,5.98317888436298e-07,-5.983178896178051e-07,1.181507094004592e-15,4.1425273716271465e-11
112200.0,moving-reference-moisture,2273.986221584705,-5.876654611564036e-07,5.876654611564036e-07,-5.876654622945812e-07,1.1381775471042718e-15,4.0266978892185493e-11
112800.0,moving-reference-moisture,2273.986221584705,-5.77204626570272e-07,5.77204626570272e-07,-5.772046276655257e-07,1.0952536231065681e-15,3.9081275348476686e-11
113400.0,moving-reference-moisture,2273.986221584705,-5.66933429338353e-07,5.66933429338353e-07,-5.669334303913614e-07,1.053008384257852e-15,3.787211726037204e-11
114000.0,moving-reference-moisture,2273.986221584705,-5.568498554516048e-07,5.568498554516048e-07,-5.568498564631739e-07,1.0115690972584482e-15,3.6643534063984566e-11
114600.0,moving-reference-moisture,2273.986221584705,-5.469518323318439e-07,5.469518323318439e-07,-5.469518333024327e-07,9.705887962373379e-16,3.5400614205832064e-11
115200.0,moving-reference-moisture,2273.986221584705,-5.3723723096962e-07,5.3723723096962e-07,-5.372372318999481e-07,9.303281555840385e-16,3.4147158373166785e-11
115800.0,moving-reference-moisture,2273.986221584705,-5.277038691509381e-07,5.277038691509381e-07,-5.277038700417377e-07,8.907995631554037e-16,3.288671652287084e-11
116400.0,moving-reference-moisture,2273.986221584705,-5.18349515200422e-07,5.18349515200422e-07,-5.183495160524744e-07,8.520523586206109e-16,3.162309265232737e-11
117000.0,moving-reference-moisture,2273.986221584705,-5.091718919605525e-07,5.091718919605525e-07,-5.091718927746616e-07,8.141090942318809e-16,3.035981801856659e-11
117600.0,moving-reference-moisture,2273.986221584705,-5.00168680856816e-07,5.00168680856816e-07,-5.001686816331236e-07,7.763076019826976e-16,2.909688057400202e-11
118200.0,moving-reference-moisture,2273.986221584705,-4.913375259673764e-07,4.913375259673764e-07,-4.913375267074089e-07,7.400324631044665e-16,2.7843942452640623e-11
118800.0,moving-reference-moisture,2273.986221584705,-4.826760380871935e-07,4.826760380871935e-07,-4.826760387898619e-07,7.026683574934216e-16,2.658752119291956e-11
119400.0,moving-reference-moisture,2273.986221584705,-4.741817985023005e-07,4.741817985023005e-07,-4.7418179917045304e-07,6.681525589861969e-16,2.5357184521493125e-11
120000.0,moving-reference-moisture,2273.986221584705,-4.6585236313119355e-07,4.6585236313119355e-07,-4.658523637656405e-07,6.34446947493021e-16,2.4140575274700273e-11
120600.0,moving-reference-moisture,2273.986221584705,-4.5768526609428276e-07,4.5768526609428276e-07,-4.5768526669581374e-07,6.015309824649229e-16,2.2939451026041116e-11
121200.0,moving-reference-moisture,2273.986221584705,-4.4967802341145993e-07,4.4967802341145993e-07,-4.4967802398082187e-07,5.693619416776254e-16,2.1755262613313006e-11
121800.0,moving-reference-moisture,2273.986221584705,-4.418281365394138e-07,4.418281365394138e-07,-4.418281370773134e-07,5.378995910661341e-16,2.0589330744560557e-11
122400.0,moving-reference-moisture,2273.986221584705,-4.3413309577937247e-07,4.3413309577937247e-07,-4.3413309628655177e-07,5.071792942559967e-16,1.9442192085659155e-11
123000.0,moving-reference-moisture,2273.986221584705,-4.265903835359499e-07,4.265903835359499e-07,-4.265903840109912e-07,4.750412760503924e-16,1.8316557874917604e-11
123600.0,moving-reference-moisture,2273.986221584705,-4.1919747753301857e-07,4.1919747753301857e-07,-4.1919747797741234e-07,4.443937711341597e-16,1.7210310427247855e-11
124200.0,moving-reference-moisture,2273.986221584705,-4.1195185382700584e-07,4.1195185382700584e-07,-4.1195185424218047e-07,4.151746284647938e-16,1.6122839248932204e-11
124800.0,moving-reference-moisture,2274.9683080755703,-4.049828747488113e-07,4.049828747488113e-07,-4.049828751443265e-07,3.955152055172583e-16,1.5526601757015343e-11
125400.0,moving-reference-moisture,2276.7938716820086,-3.9826393674864166e-07,3.9826393674864166e-07,-3.982639371273587e-07,3.7871705986554783e-16,1.5048508871862283e-11
126000.0,moving-reference-moisture,2277.7777777777783,-3.915663461753402e-07,3.915663461753402e-07,-3.9156634652482075e-07,3.494805530207632e-16,1.3904157615304842e-11
126600.0,moving-reference-moisture,2277.7777777777783,-3.848723210682986e-07,3.848723210682986e-07,-3.8487232210472184e-07,1.0364232673923759e-15,4.860050102816875e-11
127200.0,moving-reference-moisture,2277.7777777777783,-3.7831054102036247e-07,3.7831054102036247e-07,-3.7831054186747144e-07,8.471089684613164e-16,4.3433491109367977e-11
127800.0,moving-reference-moisture,2277.7777777777783,-3.718807467076909e-07,3.718807467076909e-07,-3.718807473938751e-07,6.861841963673465e-16,3.9122775535129416e-11
128400.0,moving-reference-moisture,2277.7777777777783,-3.6558119349487445e-07,3.6558119349487445e-07,-3.6558119404020454e-07,5.45330081716804e-16,3.530237325462996e-11
129000.0,moving-reference-moisture,2277.7777777777783,-3.594095844087149e-07,3.594095844087149e-07,-3.5940958482495486e-07,4.162399841542029e-16,3.1855564939308943e-11
129600.0,moving-reference-moisture,2277.7777777777783,-3.533634641018828e-07,3.533634641018828e-07,-3.533634643992636e-07,2.9738077404501285e-16,2.8728474964464608e-11
130200.0,moving-reference-moisture,2277.7777777777783,-3.4744036219328745e-07,3.4744036219328745e-07,-3.47440362381314e-07,1.8802654415343693e-16,2.5908472959980538e-11
130800.0,moving-reference-moisture,2277.7777777777783,-3.416378377821766e-07,3.416378377821766e-07,-3.416378378702939e-07,8.81173139588977e-17,2.3399224398771688e-11
131400.0,moving-reference-moisture,2277.7777777777783,-3.359534891248515e-07,3.359534891248515e-07,-3.3595348912271955e-07,-2.1319289886798706e-18,2.1209631972487402e-11
132000.0,moving-reference-moisture,2277.7777777777783,-3.3038495289541615e-07,3.3038495289541615e-07,-3.3038495281303605e-07,-8.23800951093483e-17,1.934738806697997e-11
132600.0,moving-reference-moisture,2277.7777777777783,-3.2492990149217315e-07,3.2492990149217315e-07,-3.249299013396313e-07,-1.5254184583367173e-16,1.7816187029379254e-11
133200.0,moving-reference-moisture,2277.7777777777783,-3.195860408444827e-07,3.195860408444827e-07,-3.1958604063148254e-07,-2.130001459329275e-16,1.661124062700347e-11
133800.0,moving-reference-moisture,2277.7777777777783,-3.1435110918408763e-07,3.1435110918408763e-07,-3.143511089214586e-07,-2.6262902392241863e-16,1.5705608860092127e-11
134400.0,moving-reference-moisture,2277.7777777777783,-3.0922287648543693e-07,3.0922287648543693e-07,-3.092228761831705e-07,-3.0226640714521645e-16,1.5069409469485748e-11
135000.0,moving-reference-moisture,2277.7777777777783,-3.041991444255201e-07,3.041991444255201e-07,-3.041991440965467e-07,-3.2897335597214454e-16,1.4655034592618483e-11
135600.0,moving-reference-moisture,2277.7777777777783,-2.9927774659711746e-07,2.9927774659711746e-07,-2.992777462469973e-07,-3.501201687750586e-16,1.4422109329681153e-11
136200.0,moving-reference-moisture,2277.7777777777783,-2.9445654883067804e-07,2.9445654883067804e-07,-2.9445654846832243e-07,-3.6235561263770616e-16,1.4314027993962831e-11
136800.0,moving-reference-moisture,2277.7777777777783,-2.8973344963442165e-07,2.8973344963442165e-07,-2.897334492665771e-07,-3.6784454495459164e-16,1.4282111627761967e-11
137400.0,moving-reference-moisture,2277.7777777777783,-2.851063804987957e-07,2.851063804987957e-07,-2.851063801307208e-07,-3.680749379162448e-16,1.4289033004681504e-11
138000.0,moving-reference-moisture,2277.7777777777783,-2.805733062512677e-07,2.805733062512677e-07,-2.805733058896772e-07,-3.615905301280987e-16,1.430358558687116e-11
138600.0,moving-reference-moisture,2277.7777777777783,-2.7613222536459373e-07,2.7613222536459373e-07,-2.761322250124891e-07,-3.521046081517978e-16,1.430582859541868e-11
139200.0,moving-reference-moisture,2277.7777777777783,-2.7178117009134496e-07,2.7178117009134496e-07,-2.717811697535103e-07,-3.378346440894046e-16,1.4273120348099001e-11
139800.0,moving-reference-moisture,2277.7777777777783,-2.6751820675069984e-07,2.6751820675069984e-07,-2.6751820642976843e-07,-3.209314134126754e-16,1.4200620240311184e-11
140400.0,moving-reference-moisture,2277.7777777777783,-2.6334143576202233e-07,2.6334143576202233e-07,-2.6334143545981516e-07,-3.0220716777846785e-16,1.4083135495219835e-11
141000.0,moving-reference-moisture,2277.7777777777783,-2.5924899172022326e-07,2.5924899172022326e-07,-2.5924899143785657e-07,-2.8236669153845675e-16,1.3918855127330014e-11
141600.0,moving-reference-moisture,2277.7777777777783,-2.552390433894911e-07,2.552390433894911e-07,-2.552390431272045e-07,-2.622865579139319e-16,1.3708224296901715e-11
142200.0,moving-reference-moisture,2277.7777777777783,-2.5130979369795847e-07,2.5130979369795847e-07,-2.51309793456077e-07,-2.418814812750166e-16,1.3454699897614783e-11
142800.0,moving-reference-moisture,2277.7777777777783,-2.474594796022173e-07,2.474594796022173e-07,-2.474594793811117e-07,-2.211055630238815e-16,1.3166076328256003e-11
143400.0,moving-reference-moisture,2277.7777777777783,-2.4368637197899994e-07,2.4368637197899994e-07,-2.436863717769848e-07,-2.020151344586641e-16,1.2838429575896703e-11
144000.0,moving-reference-moisture,2277.7777777777783,-2.399887754506871e-07,2.399887754506871e-07,-2.399887752671343e-07,-1.8355278082383573e-16,1.2481984275763269e-11
144600.0,moving-reference-moisture,2277.7777777777783,-2.3636502817216218e-07,2.3636502817216218e-07,-2.3636502800603996e-07,-1.6612221919788152e-16,1.210168529804065e-11
145200.0,moving-reference-moisture,2277.7777777777783,-2.3281356159729572e-07,2.3281356159729572e-07,-2.3281356192210704e-07,3.2481132723691253e-16,2.7910530277607535e-11
145800.0,moving-reference-moisture,2277.7777777777783,-2.2933268606963628e-07,2.2933268606963628e-07,-2.2933268637612824e-07,3.0649196335149253e-16,2.6435246537414775e-11
146400.0,moving-reference-moisture,2277.7777777777783,-2.259208004459165e-07,2.259208004459165e-07,-2.2592080032546128e-07,-1.2045520547027436e-16,1.086807208911352e-11
147000.0,moving-reference-moisture,2277.7777777777783,-2.2257647080153728e-07,2.2257647080153728e-07,-2.2257647069386158e-07,-1.0767570175769352e-16,1.0440140094034215e-11
147600.0,moving-reference-moisture,2277.7777777777783,-2.1929823757176603e-07,2.1929823757176603e-07,-2.1929823782865524e-07,2.5688921103446827e-16,2.243409741620573e-11
148200.0,moving-reference-moisture,2277.7777777777783,-2.1608449308538042e-07,2.1608449308538042e-07,-2.160844929998184e-07,-8.556202731526828e-17,9.58217052968551e-12
148800.0,moving-reference-moisture,2277.7777777777783,-2.1293390216900627e-07,2.1293390216900627e-07,-2.1293390209303887e-07,-7.59673939541432e-17,9.158235534762372e-12
149400.0,moving-reference-moisture,2277.7777777777783,-2.098450458924574e-07,2.098450458924574e-07,-2.0984504477995994e-07,-1.112497466907212e-15,4.9969247445258446e-11
150000.0,moving-reference-moisture,2277.7777777777783,-2.068165918183214e-07,2.068165918183214e-07,-2.0681659202073335e-07,2.0241194292467313e-16,1.798149666049128e-11
150600.0,moving-reference-moisture,2277.7777777777783,-2.0384712002794523e-07,2.0384712002794523e-07,-2.0384712021854223e-07,1.905969979807781e-16,1.700771257582085e-11
151200.0,moving-reference-moisture,2277.7777777777783,-2.009353328991569e-07,2.009353328991569e-07,-2.0093533307863545e-07,1.7947855234754255e-16,1.608464072822208e-11
151800.0,moving-reference-moisture,2277.7777777777783,-1.9807994862163984e-07,1.9807994862163984e-07,-1.980799487904848e-07,1.6884495366727126e-16,1.5209660129779493e-11
152400.0,moving-reference-moisture,2277.7777777777783,-1.9527971283118687e-07,1.9527971283118687e-07,-1.952797129900775e-07,1.5889062247113873e-16,1.4380306224656401e-11
153000.0,moving-reference-moisture,2277.7777777777783,-1.925333983235428e-07,1.925333983235428e-07,-1.9253339847304152e-07,1.4949872115198304e-16,1.3594701980465888e-11
153600.0,moving-reference-moisture,2277.7777777777783,-1.8983980496062302e-07,1.8983980496062302e-07,-1.8983980510125833e-07,1.4063531545235484e-16,1.2850583777991393e-11
154200.0,moving-reference-moisture,2277.7777777777783,-1.871977593922245e-07,1.871977593922245e-07,-1.8719775952450658e-07,1.3228208828476975e-16,1.2146069835935617e-11
154800.0,moving-reference-moisture,2277.7777777777783,-1.8460611472508786e-07,1.8460611472508786e-07,-1.8460611484949416e-07,1.2440629653186046e-16,1.1479081245623014e-11
155400.0,moving-reference-moisture,2277.7777777777783,-1.820637501081693e-07,1.820637501081693e-07,-1.820637502251336e-07,1.1696429152706377e-16,1.0847888278381044e-11
156000.0,moving-reference-moisture,2277.7777777777783,-1.795695703814988e-07,1.795695703814988e-07,-1.7956957049147272e-07,1.0997391390183125e-16,1.0250578992866105e-11
156600.0,moving-reference-moisture,2277.7777777777783,-1.771225055054996e-07,1.771225055054996e-07,-1.771225056088584e-07,1.0335879834201197e-16,9.685619555145119e-12
157200.0,moving-reference-moisture,2277.7777777777783,-1.7472151023164354e-07,1.7472151023164354e-07,-1.7472151032348253e-07,9.183899144067588e-17,9.15754853793534e-12
157800.0,moving-reference-moisture,2277.7777777777783,-1.7236556339271587e-07,1.7236556339271587e-07,-1.7236556347889647e-07,8.618059959478034e-17,8.652068907014198e-12
158400.0,moving-reference-moisture,2277.7777777777783,-1.7005366764966784e-07,1.7005366764966784e-07,-1.7005366773052624e-07,8.085840041960595e-17,8.17412229892249e-12
159000.0,moving-reference-moisture,2277.7777777777783,-1.6778484894788066e-07,1.6778484894788066e-07,-1.6778484902373743e-07,7.585677674518771e-17,7.722297327991829e-12
159600.0,moving-reference-moisture,2277.7777777777783,-1.655581559756381e-07,1.655581559756381e-07,-1.65558156046792e-07,7.115389100335423e-17,7.295186219371363e-12
160200.0,moving-reference-moisture,2277.7777777777783,-1.6337265973245776e-07,1.6337265973245776e-07,-1.6337265979919416e-07,6.673640242518624e-17,6.891425076387527e-12
160800.0,moving-reference-moisture,2277.7777777777783,-1.612274530426828e-07,1.612274530426828e-07,-1.6122745310526742e-07,6.258461749466008e-17,6.5099450048904575e-12
161400.0,moving-reference-moisture,2277.7777777777783,-1.5912165007879719e-07,1.5912165007879719e-07,-1.5912165013748368e-07,5.868649246205699e-17,6.1494168087832554e-12
162000.0,moving-reference-moisture,2277.7777777777783,-1.5705438590757594e-07,1.5705438590757594e-07,-1.5705438596260158e-07,5.50256425338035e-17,5.808806339512621e-12
162600.0,moving-reference-moisture,2277.7777777777783,-1.5502481560956754e-07,1.5502481560956754e-07,-1.5502481604583046e-07,4.362629165850085e-16,4.791224935045337e-11
163200.0,moving-reference-moisture,2277.7777777777783,-1.530321154795682e-07,1.530321154795682e-07,-1.5303211589182949e-07,4.1226128511249224e-16,4.5375090803406775e-11
163800.0,moving-reference-moisture,2277.7777777777783,-1.5107548011003926e-07,1.5107548011003926e-07,-1.5107548049964215e-07,3.896028890756437e-16,4.2975304642963386e-11
164400.0,moving-reference-moisture,2277.7777777777783,-1.4915412357623427e-07,1.4915412357623427e-07,-1.4915412394444677e-07,3.682125013608348e-16,4.070530953078137e-11
165000.0,moving-reference-moisture,2277.7777777777783,-1.4726727860547013e-07,1.4726727860547013e-07,-1.4726727895348923e-07,3.480191035493943e-16,3.8558170263816937e-11
165600.0,moving-reference-moisture,2277.7777777777783,-1.454141961334412e-07,1.454141961334412e-07,-1.4541419646240498e-07,3.289637739119287e-16,3.652729998467927e-11
166200.0,moving-reference-moisture,2277.7777777777783,-1.4359414495052944e-07,1.4359414495052944e-07,-1.4359414526149432e-07,3.109648796481465e-16,3.460610080213388e-11
166800.0,moving-reference-moisture,2277.7777777777783,-1.4180641116167098e-07,1.4180641116167098e-07,-1.4180641145564136e-07,2.939703811713506e-16,3.278869551924791e-11
167400.0,moving-reference-moisture,2277.7777777777783,-1.4005029787135635e-07,1.4005029787135635e-07,-1.4005029814928112e-07,2.779247713537164e-16,3.106939190706021e-11
168000.0,moving-reference-moisture,2277.7777777777783,-1.3832512479319904e-07,1.3832512479319904e-07,-1.3832512505597442e-07,2.627753753338364e-16,2.944301624165632e-11
168600.0,moving-reference-moisture,2277.7777777777783,-1.3663022780132827e-07,1.3663022780132827e-07,-1.3663022804979803e-07,2.4846975647831973e-16,2.790426374659957e-11
169200.0,moving-reference-moisture,2277.7777777777783,-1.3496495857561018e-07,1.3496495857561018e-07,-1.3496495881056894e-07,2.34958760406446e-16,2.6448451560062506e-11
169800.0,moving-reference-moisture,2277.7777777777783,-1.333286842057996e-07,1.333286842057996e-07,-1.3332868442801057e-07,2.2221096748982797e-16,2.507112577663299e-11
170400.0,moving-reference-moisture,2277.7777777777783,-1.3172078686140507e-07,1.3172078686140507e-07,-1.3172078707165966e-07,2.102545945135211e-16,2.37668163875583e-11
171000.0,moving-reference-moisture,2277.7777777777783,-1.3014066337166236e-07,1.3014066337166236e-07,-1.3014066357053402e-07,1.9887166284250537e-16,2.253362256058238e-11
171600.0,moving-reference-moisture,2277.7777777777783,-1.2858772492827655e-07,1.2858772492827655e-07,-1.285877251163931e-07,1.881165414040827e-16,2.136660326546831e-11
172200.0,moving-reference-moisture,2277.7777777777783,-1.2706139667663304e-07,1.2706139667663304e-07,-1.270613968545917e-07,1.779586576028131e-16,2.026218219370663e-11
172800.0,moving-reference-moisture,2277.7777777777783,-1.2556111742149368e-07,1.2556111742149368e-07,-1.2556111758985812e-07,1.6836444775816166e-16,1.921691749219787e-11
173400.0,moving-reference-moisture,2277.7777777777783,-1.2408633927692668e-07,1.2408633927692668e-07,-1.240863394362286e-07,1.593019099065899e-16,1.8227521100244385e-11
174000.0,moving-reference-moisture,2277.7777777777783,-1.2263623089216734e-07,1.2263623089216734e-07,-1.2263623075602373e-07,-1.361436056121837e-16,1.1117896749205022e-11
174600.0,moving-reference-moisture,2277.7777777777783,-1.2121090418397932e-07,1.2121090418397932e-07,-1.2121090405386874e-07,-1.3011058697558534e-16,1.0570992022494548e-11
175200.0,moving-reference-moisture,2277.7777777777783,-1.1980951211769477e-07,1.1980951211769477e-07,-1.1980951199332346e-07,-1.24371303483227e-16,1.005369239364858e-11
175800.0,moving-reference-moisture,2277.7777777777783,-1.1843155241682744e-07,1.1843155241682744e-07,-1.1843155229791733e-07,-1.1891011149536411e-16,9.564174786932235e-12
176400.0,moving-reference-moisture,2277.7777777777783,-1.1707653757179457e-07,1.1707653757179457e-07,-1.1707653745808223e-07,-1.137123335192075e-16,9.100908842745856e-12
177000.0,moving-reference-moisture,2277.7777777777783,-1.1574399292724808e-07,1.1574399292724808e-07,-1.1574399281848396e-07,-1.0876412586002549e-16,8.662541080741354e-12
177600.0,moving-reference-moisture,2277.7777777777783,-1.1443345557590613e-07,1.1443345557590613e-07,-1.1443345547185517e-07,-1.0405095660881675e-16,8.247618972074419e-12
178200.0,moving-reference-moisture,2277.7777777777783,-1.1314447367981903e-07,1.1314447367981903e-07,-1.1314447358025435e-07,-9.956467307346395e-17,7.85486947650626e-12
178800.0,moving-reference-moisture,2277.7777777777783,-1.118766060159118e-07,1.118766060159118e-07,-1.1187660592060326e-07,-9.53085310368581e-17,7.483382861719893e-12
179400.0,moving-reference-moisture,2277.7777777777783,-1.1062942163844e-07,1.1062942163844e-07,-1.1062942154720455e-07,-9.123545399597759e-17,7.131282265988919e-12
180000.0,moving-reference-moisture,2277.7777777777783,-1.0940249959991363e-07,1.0940249959991363e-07,-1.0940249951255928e-07,-8.735434903165838e-17,6.79792283583962e-12
180600.0,moving-reference-moisture,2277.7777777777783,-1.08195428702667e-07,1.08195428702667e-07,-1.0819542861901433e-07,-8.365266946836928e-17,6.482154267599021e-12
181200.0,moving-reference-moisture,2277.7777777777783,-1.0700780726560324e-07,1.0700780726560324e-07,-1.0700780718547867e-07,-8.012456548481831e-17,6.183076422743336e-12
181800.0,moving-reference-moisture,2277.7777777777783,-1.0583924289904083e-07,1.0583924289904083e-07,-1.0583924282228085e-07,-7.675997856475682e-17,5.899740494625578e-12
182400.0,moving-reference-moisture,2277.7777777777783,-1.0468935228455758e-07,1.0468935228455758e-07,-1.0468935221100742e-07,-7.355016044602645e-17,5.631314533544614e-12
183000.0,moving-reference-moisture,2277.7777777777783,-1.0355776095900863e-07,1.0355776095900863e-07,-1.0355776088853023e-07,-7.047840869769853e-17,5.376659557197235e-12
183600.0,moving-reference-moisture,2277.7777777777783,-1.024441031002756e-07,1.024441031002756e-07,-1.0244410303271903e-07,-6.755656854614482e-17,5.135490557438039e-12
184200.0,moving-reference-moisture,2277.7777777777783,-1.0134802144705946e-07,1.0134802144705946e-07,-1.013480212754728e-07,-1.7158666696863543e-16,4.96881206127772e-11
184800.0,moving-reference-moisture,2277.7777777777783,-1.0026916660501346e-07,1.0026916660501346e-07,-1.0026916643976736e-07,-1.6524609596284495e-16,4.746422610275509e-11
185400.0,moving-reference-moisture,2277.7777777777783,-9.920719752998782e-08,9.920719752998782e-08,-9.920719737083077e-08,-1.591570540377196e-16,4.534667562681886e-11
186000.0,moving-reference-moisture,2277.7777777777783,-9.816178091491057e-08,9.816178091491057e-08,-9.81617807616003e-08,-1.53310263535509e-16,4.33302875457301e-11
186600.0,moving-reference-moisture,2277.7777777777783,-9.713259108510574e-08,9.713259108510574e-08,-9.713259093741158e-08,-1.4769415716252716e-16,4.140982385912865e-11
187200.0,moving-reference-moisture,2277.7777777777783,-9.611930980975484e-08,9.611930980975484e-08,-9.61193096674547e-08,-1.4230014547529337e-16,3.958060684959117e-11
187800.0,moving-reference-moisture,2277.7777777777783,-9.512162611748898e-08,9.512162611748898e-08,-9.5121625980371e-08,-1.3711798466910176e-16,3.7837978444098405e-11
188400.0,moving-reference-moisture,2277.7777777777783,-9.413923611625227e-08,9.413923611625227e-08,-9.413923598410887e-08,-1.3214339987454665e-16,3.6177750627341026e-11
189000.0,moving-reference-moisture,2277.7777777777783,-9.31718428174335e-08,9.31718428174335e-08,-9.317184269007116e-08,-1.2736234887354936e-16,3.459563559542541e-11
189600.0,moving-reference-moisture,2277.7777777777783,-9.221915596431495e-08,9.221915596431495e-08,-9.221915584154524e-08,-1.2276970976375694e-16,3.308785617592154e-11
190200.0,moving-reference-moisture,2277.7777777777783,-9.128089186491259e-08,9.128089186491259e-08,-9.128089174652428e-08,-1.1838831273007586e-16,3.1650861261314234e-11
190800.0,moving-reference-moisture,2277.7777777777783,-9.03567732281419e-08,9.03567732281419e-08,-9.035677311399492e-08,-1.1414698053515717e-16,3.0280911929025617e-11
191400.0,moving-reference-moisture,2277.7777777777783,-8.944652900579469e-08,8.944652900579469e-08,-8.944652889572202e-08,-1.1007267264952518e-16,2.8974679863153125e-11
192000.0,moving-reference-moisture,2277.7777777777783,-8.854989423693926e-08,8.854989423693926e-08,-8.854989413078232e-08,-1.0615694521348695e-16,2.772918053568039e-11
192600.0,moving-reference-moisture,2277.7777777777783,-8.766660989734077e-08,8.766660989734077e-08,-8.766660979492512e-08,-1.0241565362502391e-16,2.654140136633699e-11
193200.0,moving-reference-moisture,2277.7777777777783,-8.679642275105414e-08,8.679642275105414e-08,-8.679642265225661e-08,-9.879752592104757e-17,2.540846364041001e-11
193800.0,moving-reference-moisture,2277.7777777777783,-8.59390852093969e-08,8.59390852093969e-08,-8.593908511407203e-08,-9.532486289087235e-17,2.4327647635500793e-11
194400.0,moving-reference-moisture,2277.7777777777783,-8.509435518847355e-08,8.509435518847355e-08,-8.50943550964928e-08,-9.198075034533277e-17,2.3296451465565334e-11
195000.0,moving-reference-moisture,2277.7777777777783,-8.426199597554265e-08,8.426199597554265e-08,-8.426199588677744e-08,-8.876521475420843e-17,2.2312477429535302e-11
195600.0,moving-reference-moisture,2277.7777777777783,-8.344177611384781e-08,8.344177611384781e-08,-8.344177603029573e-08,-8.355208430588283e-17,2.135712634573488e-11
196200.0,moving-reference-moisture,2277.7777777777783,-8.2633469205421e-08,8.2633469205421e-08,-8.263346912499328e-08,-8.042772387059654e-17,2.0460110006101228e-11
196800.0,moving-reference-moisture,2277.7777777777783,-8.183685387828528e-08,8.183685387828528e-08,-8.183685380056147e-08,-7.77238094145036e-17,1.9605214856134755e-11
197400.0,moving-reference-moisture,2277.7777777777783,-8.10517136064488e-08,8.10517136064488e-08,-8.105171353133057e-08,-7.511823018963097e-17,1.878896927190673e-11
198000.0,moving-reference-moisture,2277.7777777777783,-8.027783660872958e-08,8.027783660872958e-08,-8.027783653612365e-08,-7.260593046807471e-17,1.8009570921505528e-11
198600.0,moving-reference-moisture,2277.7777777777783,-7.951501572856572e-08,7.951501572856572e-08,-7.951501565838195e-08,-7.018377358095204e-17,1.7265188953514347e-11
199200.0,moving-reference-moisture,2277.7777777777783,-7.87630483207774e-08,7.87630483207774e-08,-7.876304825292739e-08,-6.785001252280923e-17,1.655415965168782e-11
199800.0,moving-reference-moisture,2277.7777777777783,-7.802173614149347e-08,7.802173614149347e-08,-7.802173607589559e-08,-6.559788426495805e-17,1.587486941169703e-11
200400.0,moving-reference-moisture,2277.7777777777783,-7.729088524132673e-08,7.729088524132673e-08,-7.729088517789842e-08,-6.342831524968457e-17,1.5225801324069384e-11
201000.0,moving-reference-moisture,2277.7777777777783,-7.657030586033135e-08,7.657030586033135e-08,-7.657030579899648e-08,-6.133487332054557e-17,1.460558087806691e-11
201600.0,moving-reference-moisture,2277.7777777777783,-7.585981232968695e-08,7.585981232968695e-08,-7.585981227046978e-08,-5.921717183840161e-17,1.4012208059425043e-11
202200.0,moving-reference-moisture,2277.7777777777783,-7.51592229627892e-08,7.51592229627892e-08,-7.515922290551386e-08,-5.727533557193132e-17,1.3445582712325707e-11
202800.0,moving-reference-moisture,2277.7777777777783,-7.446835996806844e-08,7.446835996806844e-08,-7.44683599126668e-08,-5.540164575304561e-17,1.2903839677847551e-11
203400.0,moving-reference-moisture,2277.7777777777783,-7.37870493533425e-08,7.37870493533425e-08,-7.378704929974654e-08,-5.359595679795665e-17,1.238591785740009e-11
204000.0,moving-reference-moisture,2277.7777777777783,-7.311512083298812e-08,7.311512083298812e-08,-7.31151207811355e-08,-5.185261740871949e-17,1.1890539538188612e-11
204600.0,moving-reference-moisture,2277.7777777777783,-7.245240773868826e-08,7.245240773868826e-08,-7.245240768851606e-08,-5.0172196685595565e-17,1.1416768360797967e-11
205200.0,moving-reference-moisture,2277.7777777777783,-7.179874693257459e-08,7.179874693257459e-08,-7.179874688402495e-08,-4.854963890068095e-17,1.0963532995004237e-11
205800.0,moving-reference-moisture,2277.7777777777783,-7.115397872263756e-08,7.115397872263756e-08,-7.115397867565244e-08,-4.698511610754305e-17,1.0529936630879312e-11
206400.0,moving-reference-moisture,2277.7777777777783,-7.05179467802998e-08,7.05179467802998e-08,-7.051794673482378e-08,-4.547602103289111e-17,1.011503988020167e-11
207000.0,moving-reference-moisture,2277.7777777777783,-6.989049806280918e-08,6.989049806280918e-08,-6.989049801885876e-08,-4.395042205065751e-17,9.71747938425624e-12
207600.0,moving-reference-moisture,2278.7623217971855,-6.929806366953569e-08,6.929806366953569e-08,-6.929806362680603e-08,-4.272966228520685e-17,9.386142425402038e-12
208200.0,moving-reference-moisture,2280.5924550227933,-6.873633667352361e-08,6.873633667352361e-08,-6.873633663187616e-08,-4.164744534619147e-17,9.094580681550651e-12
208800.0,moving-reference-moisture,2281.578824722576,-6.81598298877911e-08,6.81598298877911e-08,-6.815982984739027e-08,-4.0400824606069956e-17,8.759709886991518e-12
209400.0,moving-reference-moisture,2281.578824722576,-6.75648097062154e-08,6.75648097062154e-08,-6.75648096671645e-08,-3.905090555105282e-17,8.400729769732931e-12
210000.0,moving-reference-moisture,2281.578824722576,-6.697726650243324e-08,6.697726650243324e-08,-6.6977266464647e-08,-3.7786245656132745e-17,8.069814449744457e-12
210600.0,moving-reference-moisture,2281.578824722576,-6.639717636091871e-08,6.639717636091871e-08,-6.639717632434003e-08,-3.657868107581353e-17,7.75608836094134e-12
211200.0,moving-reference-moisture,2281.578824722576,-6.582450074031928e-08,6.582450074031928e-08,-6.582450070490189e-08,-3.5417398905127886e-17,7.456841833173552e-12
211800.0,moving-reference-moisture,2281.578824722576,-6.525917805665506e-08,6.525917805665506e-08,-6.525917802234955e-08,-3.430550934317901e-17,7.171149977088337e-12
212400.0,moving-reference-moisture,2281.578824722576,-6.470112893302838e-08,6.470112893302838e-08,-6.470112889979682e-08,-3.323156421028916e-17,6.897884916659843e-12
213000.0,moving-reference-moisture,2281.578824722576,-6.415026167158915e-08,6.415026167158915e-08,-6.415026163939167e-08,-3.219748256547947e-17,6.636187854107663e-12
213600.0,moving-reference-moisture,2281.578824722576,-6.36064765582487e-08,6.36064765582487e-08,-6.360647652705032e-08,-3.119838073441342e-17,6.38562244346977e-12
214200.0,moving-reference-moisture,2281.578824722576,-6.306966902089762e-08,6.306966902089762e-08,-6.306966899066401e-08,-3.023361020749077e-17,6.145593021437517e-12
214800.0,moving-reference-moisture,2281.578824722576,-6.253973186920591e-08,6.253973186920591e-08,-6.253973183990365e-08,-2.9302257777315266e-17,5.915383378668883e-12
215400.0,moving-reference-moisture,2281.578824722576,-6.20165568477549e-08,6.20165568477549e-08,-6.2016556819352e-08,-2.840289407578841e-17,5.694770833184054e-12
216000.0,moving-reference-moisture,2281.578824722576,-6.150003569690149e-08,6.150003569690149e-08,-6.150003566940177e-08,-2.749971872599891e-17,5.482874382061852e-12
216600.0,moving-reference-moisture,2281.578824722576,-6.099006085124558e-08,6.099006085124558e-08,-6.099006082458496e-08,-2.666062671262512e-17,5.280007554179598e-12
217200.0,moving-reference-moisture,2281.578824722576,-6.048652591713977e-08,6.048652591713977e-08,-6.048652589128951e-08,-2.585026764500897e-17,5.08532380914621e-12
217800.0,moving-reference-moisture,2281.578824722576,-5.998932596778636e-08,5.998932596778636e-08,-5.998932594271899e-08,-2.5067370973729582e-17,4.898590183857721e-12
218400.0,moving-reference-moisture,2281.578824722576,-5.949835772940527e-08,5.949835772940527e-08,-5.949835770509539e-08,-2.4309878673422922e-17,4.719421482190609e-12
219000.0,moving-reference-moisture,2281.578824722576,-5.901351969071392e-08,5.901351969071392e-08,-5.90135196671366e-08,-2.357732090550106e-17,4.547414936081122e-12
219600.0,moving-reference-moisture,2281.578824722576,-5.8534712161803286e-08,5.8534712161803286e-08,-5.8534712138936977e-08,-2.286630953817498e-17,4.382312485405847e-12
220200.0,moving-reference-moisture,2281.578824722576,-5.806183729587726e-08,5.806183729587726e-08,-5.8061837273694906e-08,-2.2182356903046734e-17,4.223888567528314e-12
220800.0,moving-reference-moisture,2281.578824722576,-5.759479909355427e-08,5.759479909355427e-08,-5.759479907203369e-08,-2.152057932577981e-17,4.07173713844077e-12
221400.0,moving-reference-moisture,2281.578824722576,-5.71335033911313e-08,5.71335033911313e-08,-5.7133503370254384e-08,-2.0876913695205346e-17,3.925589735735017e-12
222000.0,moving-reference-moisture,2281.578824722576,-5.6677857826596025e-08,5.6677857826596025e-08,-5.6677857806336777e-08,-2.025924800564465e-17,3.785291195332915e-12
222600.0,moving-reference-moisture,2281.578824722576,-5.622777182654107e-08,5.622777182654107e-08,-5.622777180688064e-08,-1.9660428799160362e-17,3.650537835736204e-12
223200.0,moving-reference-moisture,2281.578824722576,-5.578315656483048e-08,5.578315656483048e-08,-5.578315654574941e-08,-1.908107149812822e-17,3.5210013838750216e-12
223800.0,moving-reference-moisture,2281.578824722576,-5.534392470675798e-08,5.534392470675798e-08,-5.534392491673742e-08,2.0997943453711655e-16,4.9776758920140615e-11
224400.0,moving-reference-moisture,2281.578824722576,-5.490999128873317e-08,5.490999128873317e-08,-5.4909991492037965e-08,2.0330479506041796e-16,4.8150904478486633e-11
225000.0,moving-reference-moisture,2281.578824722576,-5.448127227751675e-08,5.448127227751675e-08,-5.448127247440178e-08,1.9688502647405921e-16,4.6582739709762764e-11
225600.0,moving-reference-moisture,2281.578824722576,-5.405768549412356e-08,5.405768549412356e-08,-5.405768568486436e-08,1.9074080167590923e-16,4.5069982989956744e-11
226200.0,moving-reference-moisture,2281.578824722576,-5.363915032514958e-08,5.363915032514958e-08,-5.3639150509948155e-08,1.847985743833447e-16,4.36104800116617e-11
226800.0,moving-reference-moisture,2281.578824722576,-5.322558770131608e-08,5.322558770131608e-08,-5.322558788039592e-08,1.7907983805740219e-16,4.2202353533021895e-11
227400.0,moving-reference-moisture,2281.578824722576,-5.281692005825139e-08,5.281692005825139e-08,-5.2816920231826866e-08,1.7357547385900892e-16,4.08435318804341e-11
228000.0,moving-reference-moisture,2281.578824722576,-5.2413071302902536e-08,5.2413071302902536e-08,-5.24130714711776e-08,1.6827506592989163e-16,3.953218804060156e-11
228600.0,moving-reference-moisture,2281.578824722576,-5.201396678112553e-08,5.201396678112553e-08,-5.201396694429731e-08,1.6317177844946818e-16,3.8266575286021486e-11
229200.0,moving-reference-moisture,2281.578824722576,-5.1619533246052736e-08,5.1619533246052736e-08,-5.1619533404310175e-08,1.5825743887328653e-16,3.704482543798504e-11
229800.0,moving-reference-moisture,2281.578824722576,-5.1229698827220674e-08,5.1229698827220674e-08,-5.122969898074199e-08,1.5352131370571822e-16,3.586542810625331e-11
230400.0,moving-reference-moisture,2281.578824722576,-5.0844393000146005e-08,5.0844393000146005e-08,-5.084439314916341e-08,1.490174012971507e-16,3.472636543025418e-11
231000.0,moving-reference-moisture,2281.578824722576,-5.0463546558177754e-08,5.0463546558177754e-08,-5.046354670279251e-08,1.4461475564789435e-16,3.362690426669246e-11
231600.0,moving-reference-moisture,2281.578824722576,-5.008709158203187e-08,5.008709158203187e-08,-5.008709172240285e-08,1.403709816158074e-16,3.2565158199905566e-11
232200.0,moving-reference-moisture,2281.578824722576,-4.971496140300052e-08,4.971496140300052e-08,-4.9714961543730675e-08,1.4073015667266772e-16,3.156128652976323e-11
232800.0,moving-reference-moisture,2281.578824722576,-4.934709061657601e-08,4.934709061657601e-08,-4.934709075313543e-08,1.3655941937994675e-16,3.056988109025891e-11
233400.0,moving-reference-moisture,2281.578824722576,-4.8983414992802946e-08,4.8983414992802946e-08,-4.8983415125341275e-08,1.3253832898620397e-16,2.961223489347352e-11
234000.0,moving-reference-moisture,2281.578824722576,-4.8623871493306074e-08,4.8623871493306074e-08,-4.8623871621972714e-08,1.2866664064597807e-16,2.868704784325101e-11
234600.0,moving-reference-moisture,2281.578824722576,-4.8268398235084995e-08,4.8268398235084995e-08,-4.826839836001691e-08,1.2493191356285625e-16,2.7793188049447035e-11
235200.0,moving-reference-moisture,2281.578824722576,-4.7916934465820664e-08,4.7916934465820664e-08,-4.7916934587152794e-08,1.2133212941614388e-16,2.69295142821323e-11
235800.0,moving-reference-moisture,2281.578824722576,-4.756942054325173e-08,4.756942054325173e-08,-4.756942066111988e-08,1.1786814847367802e-16,2.6094669433863302e-11
236400.0,moving-reference-moisture,2281.578824722576,-4.722579789970858e-08,4.722579789970858e-08,-4.722579801422768e-08,1.1451909931424272e-16,2.5288055150908462e-11
237000.0,moving-reference-moisture,2281.578824722576,-4.6886009033631437e-08,4.6886009033631437e-08,-4.688600914491893e-08,1.1128749656690015e-16,2.4508418849864554e-11
237600.0,moving-reference-moisture,2281.578824722576,-4.6549997480956463e-08,4.6549997480956463e-08,-4.654999758912585e-08,1.0816938961704476e-16,2.375474170343699e-11
238200.0,moving-reference-moisture,2281.578824722576,-4.6217707793392223e-08,4.6217707793392223e-08,-4.6217707898551364e-08,1.0515914040162139e-16,2.3026135509324564e-11
238800.0,moving-reference-moisture,2281.578824722576,-4.588908551723362e-08,4.588908551723362e-08,-4.5889085619487617e-08,1.0225399606355145e-16,2.2321699329347986e-11
239400.0,moving-reference-moisture,2281.578824722576,-4.556407717261155e-08,4.556407717261155e-08,-4.5564077272058755e-08,9.944720680903651e-17,2.1640545038172398e-11
240000.0,moving-reference-moisture,2282.565834476847,-4.5260313003529103e-08,4.5260313003529103e-08,-4.526031310152101e-08,9.799190494398012e-17,2.1049719082117302e-11
240600.0,moving-reference-moisture,2284.400552585481,-4.4975014664181366e-08,4.4975014664181366e-08,-4.49750147616178e-08,9.743643661903851e-17,2.0508944931171426e-11
241200.0,moving-reference-moisture,2285.389394120976,-4.467794090434836e-08,4.467794090434836e-08,-4.467794099980105e-08,9.545269207401384e-17,1.991052275842525e-11
241800.0,moving-reference-moisture,2285.3893941209762,-4.4366653102703176e-08,4.4366653102703176e-08,-4.436665319487086e-08,9.216768654632485e-17,1.929134439451203e-11
242400.0,moving-reference-moisture,2285.389394120976,-4.405855371678241e-08,4.405855371678241e-08,-4.405855380592671e-08,8.914429508532923e-17,1.8715817750557822e-11
243000.0,moving-reference-moisture,2285.389394120976,-4.375363011966709e-08,4.375363011966709e-08,-4.375363020606844e-08,8.640135093921359e-17,1.8159059093553683e-11
243600.0,moving-reference-moisture,2285.3893941209762,-4.345187181272859e-08,4.345187181272859e-08,-4.34518718965958e-08,8.386721364948594e-17,1.7618846073828118e-11
244200.0,moving-reference-moisture,2285.389394120976,-4.315326210893613e-08,4.315326210893613e-08,-4.3153262190430814e-08,8.149468098167154e-17,1.709485120826099e-11
244800.0,moving-reference-moisture,2285.389394120976,-4.285777812726571e-08,4.285777812726571e-08,-4.2857778206520365e-08,7.925465603054324e-17,1.658673653883267e-11
245400.0,moving-reference-moisture,2285.3893941209762,-4.256539197579274e-08,4.256539197579274e-08,-4.2565392052923006e-08,7.713026431160495e-17,1.6094182980209142e-11
246000.0,moving-reference-moisture,2285.389394120976,-4.227607200332003e-08,4.227607200332003e-08,-4.2276072078415085e-08,7.509505589758968e-17,1.5616795353469393e-11
246600.0,moving-reference-moisture,2285.389394120976,-4.198978390108181e-08,4.198978390108181e-08,-4.1989783974224197e-08,7.31423868738174e-17,1.5154277293869265e-11
247200.0,moving-reference-moisture,2285.3893941209762,-4.170649156531061e-08,4.170649156531061e-08,-4.170649163657677e-08,7.126616257353483e-17,1.4706257639911382e-11
