time_s,radius_cm,temperature_C,C_kg_per_kg
0.0,0.0,28.0,2.55
0.0,0.1,28.0,2.5500000000000003
0.0,0.2,28.0,2.5500000000000003
0.0,0.30000000000000004,28.0,2.5500000000000003
0.0,0.4,28.0,2.5500000000000003
0.0,0.5,28.0,2.5500000000000003
0.0,0.6000000000000001,28.0,2.5500000000000003
0.0,0.7000000000000001,28.0,2.5500000000000003
0.0,0.8,28.0,2.5500000000000003
0.0,0.9,28.0,2.5500000000000003
0.0,1.0,28.0,2.5500000000000003
0.0,1.1,28.0,2.5500000000000003
0.0,1.2000000000000002,28.0,2.5500000000000003
0.0,1.3,28.0,2.5500000000000003
0.0,1.4000000000000001,28.0,2.5500000000000003
0.0,1.5,28.0,2.5500000000000003
0.0,1.6,28.0,2.5500000000000003
0.0,1.7000000000000002,28.0,2.5500000000000003
0.0,1.8,28.0,2.5500000000000003
0.0,1.9000000000000001,28.0,2.5500000000000003
0.0,2.0,28.0,2.5410595850601756
3600.0,0.0,40.38441866640153,2.5227178171203133
3600.0,0.1,40.391276874376615,2.521625467009336
3600.0,0.2,40.41185327819733,2.518272435357734
3600.0,0.30000000000000004,40.446099081456225,2.5124408324639402
3600.0,0.4,40.49402135055533,2.503751330845019
3600.0,0.5,40.555445426834524,2.4917221442781603
3600.0,0.6000000000000001,40.630320939118064,2.475711167325717
3600.0,0.7000000000000001,40.71853752058155,2.454971452855902
3600.0,0.8,40.81981855899005,2.428740374466499
3600.0,0.9,40.93418711206567,2.39606489832498
3600.0,1.0,41.061335443501434,2.356138029216548
3600.0,1.1,41.20103742183534,2.3081743405894715
3600.0,1.2000000000000002,41.353116948045965,2.2514655015099145
3600.0,1.3,41.51749492413927,2.185395802407203
3600.0,1.4000000000000001,41.693813030790125,2.109810877939018
3600.0,1.5,41.88205966763479,2.0245901032947207
3600.0,1.6,42.082158177260794,1.9300193442946993
3600.0,1.7000000000000002,42.29410474761556,1.8267114407586862
3600.0,1.8,42.51818453569297,1.7154679570448728
3600.0,1.9000000000000001,42.75474865765324,1.5974297274743618
3600.0,2.0,43.004501720182986,1.4738760712831245
7200.0,0.0,48.42049269472835,2.17000346011278
7200.0,0.1,48.42203241936909,2.1675223319966714
7200.0,0.2,48.426650397559115,2.16007619124419
7200.0,0.30000000000000004,48.43433088338213,2.1476766800070384
7200.0,0.4,48.445067365054854,2.130312098475392
7200.0,0.5,48.45880955462718,2.108035168167677
7200.0,0.6000000000000001,48.475531652068526,2.0808537188272154
7200.0,0.7000000000000001,48.495191109187544,2.048799850982089
7200.0,0.8,48.51770575832069,2.0119713388792664
7200.0,0.9,48.543055088470396,1.9703638833780293
7200.0,1.0,48.571142854096706,1.9241039683531376
7200.0,1.1,48.60188670712131,1.8733002901073392
7200.0,1.2000000000000002,48.6352100319408,1.818057849654528
7200.0,1.3,48.67104952573675,1.7584648070451097
7200.0,1.4000000000000001,48.70927781526291,1.6947262684971673
7200.0,1.5,48.74982789740159,1.6269467670752358
7200.0,1.6,48.792605911640806,1.5552771382667652
7200.0,1.7000000000000002,48.83751454243543,1.4798661827808677
7200.0,1.8,48.88448206126816,1.4007945194436848
7200.0,1.9000000000000001,48.93340992237455,1.3181405125554526
7200.0,2.0,48.98420154593879,1.231882389012353
10800.0,0.0,49.84574675085673,1.7673699903718172
10800.0,0.1,49.84598520361203,1.765377385779662
10800.0,0.2,49.84670305300466,1.759400064743851
10800.0,0.30000000000000004,49.847905875052504,1.7494551470877013
10800.0,0.4,49.84960621257625,1.735545269121162
10800.0,0.5,49.85181481192973,1.7177270026117026
10800.0,0.6000000000000001,49.854551851475094,1.6960216258456264
10800.0,0.7000000000000001,49.857840116175055,1.6704678532399306
10800.0,0.8,49.861699416648094,1.6411515145650069
10800.0,0.9,49.866167035365095,1.6080706497362747
10800.0,1.0,49.87126850859147,1.57131616034008
10800.0,1.1,49.87703486310903,1.5309524493866082
10800.0,1.2000000000000002,49.88350089573953,1.4870260499196626
10800.0,1.3,49.89070771676211,1.439551632585493
10800.0,1.4000000000000001,49.89867778613262,1.3886207943884903
10800.0,1.5,49.907452960170986,1.3342216802919196
10800.0,1.6,49.917069395118176,1.2763588259641876
10800.0,1.7000000000000002,49.92756793476184,1.2150148086272528
10800.0,1.8,49.939016244948675,1.1500874354540334
10800.0,1.9000000000000001,49.95150219860204,1.0814531155779286
10800.0,2.0,49.96517366400502,1.0088698029530019
14400.0,0.0,49.99553893928669,1.4551360756311873
14400.0,0.1,49.99555358861511,1.4535206518595836
14400.0,0.2,49.995595377270604,1.448673209427236
14400.0,0.30000000000000004,49.99565778833278,1.440602924094734
14400.0,0.4,49.99573021869742,1.4293039643380323
14400.0,0.5,49.99579828236568,1.4148112424347374
14400.0,0.6000000000000001,49.99584457641686,1.3971276010819633
14400.0,0.7000000000000001,49.99584963551075,1.3762666509834611
14400.0,0.8,49.99579458215345,1.352277791140465
14400.0,0.9,49.99566128499794,1.3251335293069215
14400.0,1.0,49.995439628769816,1.29488014370678
14400.0,1.1,49.99513082612299,1.2615381202991196
14400.0,1.2000000000000002,49.99475502427606,1.2251083425212397
14400.0,1.3,49.99436301676252,1.185558270201272
14400.0,1.4000000000000001,49.99405006592207,1.1429178349368276
14400.0,1.5,49.99397644041295,1.0971180616092917
14400.0,1.6,49.9943925680318,1.0480941028620672
14400.0,1.7000000000000002,49.995667453036276,0.9957463797517366
14400.0,1.8,49.99834872216968,0.9398690477392483
14400.0,1.9000000000000001,50.003190465489865,0.8801966080613314
14400.0,2.0,50.01124170843775,0.816304307169234
18000.0,0.0,49.99877850271571,1.2114308447028936
18000.0,0.1,49.99877869203118,1.2100764502680188
18000.0,0.2,49.99877925529535,1.206011423205369
18000.0,0.30000000000000004,49.99878018944719,1.199240871196393
18000.0,0.4,49.99878149387541,1.1897555072993842
18000.0,0.5,49.99878316136301,1.1775785181035379
18000.0,0.6000000000000001,49.9987851882737,1.1627042035196542
18000.0,0.7000000000000001,49.998787566864564,1.1451338605275472
18000.0,0.8,49.998790286648216,1.124897188140648
18000.0,0.9,49.99879334417045,1.1019557579901806
18000.0,1.0,49.99879672627691,1.076331462210372
18000.0,1.1,49.9988004215225,1.0480210845032694
18000.0,1.2000000000000002,49.998804419086355,1.0170004316963084
18000.0,1.3,49.99880870968104,0.9832102833206046
18000.0,1.4000000000000001,49.998813276857106,0.9466405396104958
18000.0,1.5,49.99881811137885,0.9071835992682008
18000.0,1.6,49.9988232010939,0.8647224065220832
18000.0,1.7000000000000002,49.998828533819676,0.8190907766306281
18000.0,1.8,49.99883410155877,0.7699950791017615
18000.0,1.9000000000000001,49.998839897015614,0.7170398760381906
18000.0,2.0,49.9988459148401,0.6595740429062661
21600.0,0.0,49.998928571404235,1.018553980733483
21600.0,0.1,49.998928577034064,1.017400516771917
21600.0,0.2,49.998928598996486,1.01393795921518
21600.0,0.30000000000000004,49.998928635712275,1.0081688636746275
21600.0,0.4,49.99892868580076,1.000082239658454
21600.0,0.5,49.99892874951058,0.9896935077412822
21600.0,0.6000000000000001,49.9989288273469,0.9769919555091262
21600.0,0.7000000000000001,49.9989289186185,0.9619711771028797
21600.0,0.8,49.998929022575226,0.9446474961762052
21600.0,0.9,49.99892913969052,0.9249760701767455
21600.0,1.0,49.99892926921774,0.9029616340290438
21600.0,1.1,49.99892941066662,0.8785840123502889
21600.0,1.2000000000000002,49.998929563983666,0.8518003907662797
21600.0,1.3,49.998929728876305,0.8225307020629953
21600.0,1.4000000000000001,49.99892990449473,0.790731636090233
21600.0,1.5,49.998930090710246,0.756260810713896
21600.0,1.6,49.99893028719072,0.7189505031850673
21600.0,1.7000000000000002,49.9989304935479,0.6785629873067222
21600.0,1.8,49.99893070952703,0.6346966055970981
21600.0,1.9000000000000001,49.998930934317286,0.5867770344351682
21600.0,2.0,49.99893116705738,0.5338272379041115
25200.0,0.0,49.99893418361319,0.865294335574719
25200.0,0.1,49.99893418594854,0.8643024528337984
25200.0,0.2,49.998934190174225,0.8613244369877194
25200.0,0.30000000000000004,49.99893419348433,0.8563609589336577
25200.0,0.4,49.99893419594224,0.8493999318848354
25200.0,0.5,49.99893419800196,0.8404508848739392
25200.0,0.6000000000000001,49.998934200116366,0.8294994997458857
25200.0,0.7000000000000001,49.99893420264158,0.8165336322195597
25200.0,0.8,49.998934205773196,0.8015592605496245
25200.0,0.9,49.998934209571416,0.7845267616300308
25200.0,1.0,49.99893421399861,0.7654271972093489
25200.0,1.1,49.998934218990485,0.7442265382359425
25200.0,1.2000000000000002,49.998934224457855,0.7208661817396739
25200.0,1.3,49.99893423026418,0.6952474127457822
25200.0,1.4000000000000001,49.99893423625116,0.667296565267292
25200.0,1.5,49.99893424231868,0.6368364088926481
25200.0,1.6,49.998934248470164,0.6036457271156999
25200.0,1.7000000000000002,49.998934254800304,0.5674053464400245
25200.0,1.8,49.998934261491115,0.5275779387861901
25200.0,1.9000000000000001,49.99893426905737,0.4833410124593297
25200.0,2.0,49.998934278783054,0.4331990497144014
28800.0,0.0,49.99893418937768,0.7433786454869897
28800.0,0.1,49.998934191102876,0.7425189600717944
28800.0,0.2,49.998934194181174,0.7399374065176841
28800.0,0.30000000000000004,49.998934197469,0.7356332192183065
28800.0,0.4,49.99893420082856,0.7295935896558123
28800.0,0.5,49.99893420426798,0.7218234594726175
28800.0,0.6000000000000001,49.99893420781166,0.7123058513289716
28800.0,0.7000000000000001,49.998934211484254,0.7010242564538172
28800.0,0.8,49.998934215300324,0.6879765152890461
28800.0,0.9,49.99893421927368,0.6731094349144575
28800.0,1.0,49.998934223413755,0.6564030977039611
28800.0,1.1,49.99893422772902,0.6378121497924718
28800.0,1.2000000000000002,49.998934232229146,0.6172646799379989
28800.0,1.3,49.99893423692731,0.5946455257229825
28800.0,1.4000000000000001,49.9989342418375,0.5698534905615478
28800.0,1.5,49.99893424699104,0.5426771623292178
28800.0,1.6,49.998934252431184,0.5128398289056568
28800.0,1.7000000000000002,49.998934258243196,0.47993107557939185
28800.0,1.8,49.998934264594425,0.44324584220021696
28800.0,1.9000000000000001,49.998934271904375,0.40161720168577475
28800.0,2.0,49.998934281568495,0.35269942038980584
32400.0,0.0,49.998934194313506,0.6462987179907389
32400.0,0.1,49.99893419619087,0.6455484133352399
32400.0,0.2,49.998934199622624,0.6432949373460889
32400.0,0.30000000000000004,49.99893420332188,0.6395364636127141
32400.0,0.4,49.99893420706758,0.6342598036755306
32400.0,0.5,49.998934210823506,0.6274664033740883
32400.0,0.6000000000000001,49.998934214592396,0.619137480989529
32400.0,0.7000000000000001,49.99893421838584,0.6092534049629131
32400.0,0.8,49.99893422221788,0.5978058325110469
32400.0,0.9,49.99893422610472,0.5847393064642333
32400.0,1.0,49.998934230062446,0.570025510200834
32400.0,1.1,49.9989342341089,0.553610418223374
32400.0,1.2000000000000002,49.99893423826512,0.5354117155446877
32400.0,1.3,49.99893424255697,0.5153009267521539
32400.0,1.4000000000000001,49.99893424701639,0.4931533548102235
32400.0,1.5,49.99893425169398,0.46872659028924707
32400.0,1.6,49.99893425665164,0.44169015231747555
32400.0,1.7000000000000002,49.998934262002365,0.411537684587543
32400.0,1.8,49.99893426795052,0.37736853490044603
32400.0,1.9000000000000001,49.99893427498472,0.33755594038042863
32400.0,2.0,49.99893428468425,0.28835322046856565
36000.0,0.0,49.998934199184134,0.5688562550279768
36000.0,0.1,49.998934201203326,0.5681973202805285
36000.0,0.2,49.99893420485,0.5662179505100662
36000.0,0.30000000000000004,49.99893420872252,0.5629155857655503
36000.0,0.4,49.998934212585254,0.5582769829949358
36000.0,0.5,49.9989342164036,0.5523010381616319
36000.0,0.6000000000000001,49.99893422018397,0.5449679654147266
36000.0,0.7000000000000001,49.9989342239416,0.5362561711087012
36000.0,0.8,49.998934227694804,0.5261529188074842
36000.0,0.9,49.99893423146318,0.5146018948560198
36000.0,1.0,49.99893423526635,0.5015689336590209
36000.0,1.1,49.99893423912562,0.4869941795764446
36000.0,1.2000000000000002,49.99893424306555,0.4707883175591804
36000.0,1.3,49.99893424711564,0.4528137617327535
36000.0,1.4000000000000001,49.998934251312846,0.4329279639311062
36000.0,1.5,49.998934255713095,0.4108641021217815
36000.0,1.6,49.9989342603854,0.38624563645556176
36000.0,1.7000000000000002,49.99893426545441,0.3584762351953309
36000.0,1.8,49.998934271145686,0.32645019530296565
36000.0,1.9000000000000001,49.9989342779956,0.28797740402793387
36000.0,2.0,49.998934287734244,0.23706782713281255
39600.0,0.0,49.99893420418368,0.5068897034008514
39600.0,0.1,49.998934206261595,0.5063076821910306
39600.0,0.2,49.99893420998217,0.5045591023254181
39600.0,0.30000000000000004,49.99893421389487,0.5016409446292085
39600.0,0.4,49.99893421776238,0.4975401947018088
39600.0,0.5,49.99893422155429,0.49225399368148076
39600.0,0.6000000000000001,49.99893422528078,0.48576225131859835
39600.0,0.7000000000000001,49.99893422896008,0.4780424330682225
39600.0,0.8,49.998934232613465,0.4690789784387289
39600.0,0.9,49.99893423626236,0.45881606660171426
39600.0,1.0,49.99893423992853,0.44721605665745395
39600.0,1.1,49.99893424363512,0.4342160592752111
39600.0,1.2000000000000002,49.99893424740844,0.41972332474061086
39600.0,1.3,49.998934251279934,0.40359594602391274
39600.0,1.4000000000000001,49.9989342552887,0.3856803221296654
39600.0,1.5,49.99893425949301,0.36569466335870693
39600.0,1.6,49.9989342639671,0.3432301632448188
39600.0,1.7000000000000002,49.998934268841595,0.31761990191934636
39600.0,1.8,49.998934274357396,0.2875755181967348
39600.0,1.9000000000000001,49.99893428108527,0.2503074590600538
39600.0,2.0,49.99893429086188,0.19647784007419053
43200.0,0.0,49.99893422399674,0.4570757356852198
43200.0,0.1,49.99893422602622,0.45655878635834296
43200.0,0.2,49.99893422960605,0.4550055103482203
43200.0,0.30000000000000004,49.998934233306045,0.4524126411150638
43200.0,0.4,49.998934236905086,0.4487676037282629
43200.0,0.5,49.99893424038504,0.4440664080258697
43200.0,0.6000000000000001,49.99893424376171,0.4382891989926633
43200.0,0.7000000000000001,49.998934247060845,0.43141330221665103
43200.0,0.8,49.998934250306945,0.42342158972312566
43200.0,0.9,49.99893425352337,0.41425982091098373
43200.0,1.0,49.998934256735765,0.4038888465527622
43200.0,1.1,49.99893425996993,0.3922451294928062
43200.0,1.2000000000000002,49.998934263255194,0.3792356479301589
43200.0,1.3,49.998934266626975,0.3647186483481025
43200.0,1.4000000000000001,49.998934270126995,0.348536183447978
43200.0,1.5,49.998934273814825,0.3304017210991762
43200.0,1.6,49.998934277775845,0.30989102079566166
43200.0,1.7000000000000002,49.99893428214364,0.28629557870669786
43200.0,1.8,49.9989342871703,0.2581985110318051
43200.0,1.9000000000000001,49.99893429341904,0.22228777822010046
43200.0,2.0,49.99893430261932,0.1647704653737989
46800.0,0.0,49.99893422997616,0.4167748917483808
46800.0,0.1,49.998934231901956,0.41631311493197115
46800.0,0.2,49.99893423530705,0.41492546683590176
46800.0,0.30000000000000004,49.998934238837876,0.41260857931124534
46800.0,0.4,49.998934242283326,0.4093504388950812
46800.0,0.5,49.99893424562458,0.40514636845230817
46800.0,0.6000000000000001,49.998934248876196,0.39997709396924364
46800.0,0.7000000000000001,49.99893425206136,0.3938203341194794
46800.0,0.8,49.99893425520304,0.38665827894481214
46800.0,0.9,49.99893425832346,0.3784389536625994
46800.0,1.0,49.99893426144632,0.3691230899708223
46800.0,1.1,49.9989342645959,0.35864818650421
46800.0,1.2000000000000002,49.99893426779954,0.34692322250968055
46800.0,1.3,49.99893427109083,0.3338099103744631
46800.0,1.4000000000000001,49.9989342745086,0.31915123328809214
46800.0,1.5,49.99893427810815,0.30266437257073175
46800.0,1.6,49.99893428197055,0.2839247946849731
46800.0,1.7000000000000002,49.99893428622141,0.2622117743010079
46800.0,1.8,49.998934291105854,0.23604689321414984
46800.0,1.9000000000000001,49.99893429718543,0.20176730426044412
46800.0,2.0,49.99893430625252,0.14046321258817088
50400.0,0.0,49.998934249299054,0.3839066681404441
50400.0,0.1,49.99893425096394,0.3834916653361554
50400.0,0.2,49.998934253924745,0.3822444562492655
50400.0,0.30000000000000004,49.998934257014184,0.3801616576482258
50400.0,0.4,49.99893426004701,0.37723185623062905
50400.0,0.5,49.99893426300349,0.37344997159892235
50400.0,0.6000000000000001,49.99893426589534,0.3687974737909414
50400.0,0.7000000000000001,49.998934268740015,0.36325275287770775
50400.0,0.8,49.99893427155695,0.35679785008776527
50400.0,0.9,49.99893427436592,0.3493833292351265
50400.0,1.0,49.99893427718666,0.3409706015325426
50400.0,1.1,49.99893428004037,0.3314991219498525
50400.0,1.2000000000000002,49.9989342829511,0.320881106449365
50400.0,1.3,49.99893428594743,0.308983552519378
50400.0,1.4000000000000001,49.9989342890662,0.29565357738059994
50400.0,1.5,49.998934292361696,0.28061730399075213
50400.0,1.6,49.998934295902416,0.26346006053631527
50400.0,1.7000000000000002,49.99893429980983,0.2434704875910621
50400.0,1.8,49.99893430430427,0.21916477322302697
50400.0,1.9000000000000001,49.998934309899994,0.18671798390094704
50400.0,2.0,49.99893431822204,0.12217698420158192
54000.0,0.0,49.998934266330195,0.3568453126939905
54000.0,0.1,49.99893426785928,0.35646992096188473
54000.0,0.2,49.9989342705739,0.3553416575133756
54000.0,0.30000000000000004,49.9989342734014,0.3534571668919783
54000.0,0.4,49.998934276172406,0.3508056148402311
54000.0,0.5,49.99893427887139,0.34738168152809734
54000.0,0.6000000000000001,49.998934281508355,0.34316761036171706
54000.0,0.7000000000000001,49.99893428410223,0.33814255266736987
54000.0,0.8,49.99893428667025,0.33228866859284184
54000.0,0.9,49.998934289229794,0.3255590250325486
54000.0,1.0,49.99893429179997,0.3179160570803013
54000.0,1.1,49.99893429440016,0.30930150009682345
54000.0,1.2000000000000002,49.99893429705213,0.2996312104575709
54000.0,1.3,49.998934299782775,0.2887780493467261
54000.0,1.4000000000000001,49.998934302624434,0.27659465239060643
54000.0,1.5,49.99893430562372,0.26281828469007623
54000.0,1.6,49.99893430884691,0.24704906591027503
54000.0,1.7000000000000002,49.99893431240082,0.22859673798054014
54000.0,1.8,49.998934316492125,0.20600661634994671
54000.0,1.9000000000000001,49.99893432159098,0.17543278162830822
54000.0,2.0,49.998934329177814,0.1085522695341356
57600.0,0.0,49.99893427115899,0.334331284201002
57600.0,0.1,49.998934272645215,0.33398941885992367
57600.0,0.2,49.99893427528434,0.3329618367592353
57600.0,0.30000000000000004,49.99893427803471,0.33124522725088873
57600.0,0.4,49.99893428073159,0.32882928332845845
57600.0,0.5,49.99893428335861,0.32570853603925276
57600.0,0.6000000000000001,49.99893428592583,0.3218659584615595
57600.0,0.7000000000000001,49.99893428845047,0.31728144726599
57600.0,0.8,49.998934290949705,0.3119373918252094
57600.0,0.9,49.99893429344047,0.3057891634438901
57600.0,1.0,49.998934295940785,0.2988003006946032
57600.0,1.1,49.99893429846969,0.2909148003358543
57600.0,1.2000000000000002,49.998934301048564,0.2820520813764122
57600.0,1.3,49.998934303704345,0.2720907182201488
57600.0,1.4000000000000001,49.99893430646773,0.2608891231251655
57600.0,1.5,49.99893430938266,0.2481959767083379
57600.0,1.6,49.99893431251547,0.23362757379566443
57600.0,1.7000000000000002,49.998934315967745,0.21651920083672477
57600.0,1.8,49.99893431993894,0.19546134090291184
57600.0,1.9000000000000001,49.99893432488557,0.1666680827382485
57600.0,2.0,49.9989343322751,0.09835680058869674
61200.0,0.0,49.99893428647016,0.3153956778974497
61200.0,0.1,49.99893428782042,0.3150822196571917
61200.0,0.2,49.998934290216994,0.31413994938240714
61200.0,0.30000000000000004,49.99893429271543,0.31256560636310526
61200.0,0.4,49.998934295166805,0.3103493512007012
61200.0,0.5,49.998934297556104,0.3074856186298593
61200.0,0.6000000000000001,49.99893429989214,0.3039580421027715
61200.0,0.7000000000000001,49.99893430219072,0.2997472064521938
61200.0,0.8,49.99893430446724,0.2948357673152487
61200.0,0.9,49.99893430673666,0.28918115265197825
61200.0,1.0,49.99893430901545,0.2827479687475687
61200.0,1.1,49.998934311320625,0.275482314175696
61200.0,1.2000000000000002,49.99893431367167,0.2673068966630123
61200.0,1.3,49.99893431609365,0.2581055527978324
61200.0,1.4000000000000001,49.99893431861358,0.24774221155827017
61200.0,1.5,49.99893432126987,0.23597634514919774
61200.0,1.6,49.99893432412529,0.22244002339269192
61200.0,1.7000000000000002,49.99893432726958,0.2064945596724495
61200.0,1.8,49.99893433088499,0.18678059087892096
61200.0,1.9000000000000001,49.99893433538023,0.1596101011781251
61200.0,2.0,49.9989343420649,0.09061376900818756
64800.0,0.0,49.99893428991584,0.29929634883630774
64800.0,0.1,49.998934291238186,0.29900703507846027
64800.0,0.2,49.99893429358599,0.2981372780091885
64800.0,0.30000000000000004,49.99893429603384,0.29668386789194656
64800.0,0.4,49.99893429843502,0.2946373776025067
64800.0,0.5,49.99893430077486,0.2919921813008776
64800.0,0.6000000000000001,49.998934303062185,0.2887325034301778
64800.0,0.7000000000000001,49.998934305312105,0.2848395534176202
64800.0,0.8,49.9989343075398,0.2802962632893976
64800.0,0.9,49.99893430975999,0.2750618807785191
64800.0,1.0,49.998934311988705,0.2691020098913138
64800.0,1.1,49.998934314242604,0.26236466016615595
64800.0,1.2000000000000002,49.998934316540726,0.254775512899233
64800.0,1.3,49.998934318907175,0.2462231508946838
64800.0,1.4000000000000001,49.998934321368665,0.23657658773910284
64800.0,1.5,49.998934323962544,0.22560516852650955
64800.0,1.6,49.99893432674946,0.2129556425295806
64800.0,1.7000000000000002,49.99893432981679,0.19801409501243666
64800.0,1.8,49.99893433334171,0.17947090241484537
64800.0,1.9000000000000001,49.998934337725075,0.15374954319123343
64800.0,2.0,49.99893434425951,0.0846206880191234
68400.0,0.0,49.99893429440334,0.28546518876845617
68400.0,0.1,49.998934295688684,0.2851964971566207
68400.0,0.2,49.99893429797061,0.28438867713552524
68400.0,0.30000000000000004,49.99893430034933,0.2830385700299127
68400.0,0.4,49.99893430268247,0.2811371138885751
68400.0,0.5,49.99893430495547,0.27867864974385964
68400.0,0.6000000000000001,49.998934307177194,0.27564793257900105
68400.0,0.7000000000000001,49.99893430936214,0.2720267393470646
68400.0,0.8,49.99893431152498,0.2677982804841098
68400.0,0.9,49.998934313680195,0.2629234177428283
68400.0,1.0,49.99893431584326,0.25736868072498825
68400.0,1.1,49.998934318030194,0.25108381019978854
68400.0,1.2000000000000002,49.99893432025948,0.2439971654331741
68400.0,1.3,49.998934322554305,0.23600158921978762
68400.0,1.4000000000000001,49.998934324940365,0.2269707254351877
68400.0,1.5,49.99893432745483,0.2166828467919899
68400.0,1.6,49.99893433015495,0.20479810800351483
68400.0,1.7000000000000002,49.998934333126726,0.19072550240256225
68400.0,1.8,49.9989343365412,0.17320244962936715
68400.0,1.9000000000000001,49.99893434078774,0.1487653739824343
68400.0,2.0,49.99893434712129,0.07989324076198186
72000.0,0.0,49.99893430027731,0.2734659784445954
72000.0,0.1,49.998934301512065,0.27321500869861837
72000.0,0.2,49.998934303704175,0.2724604173177141
72000.0,0.30000000000000004,49.99893430598917,0.271199096641629
72000.0,0.4,49.99893430823016,0.26942231086512874
72000.0,0.5,49.99893431041352,0.2671243900516701
72000.0,0.6000000000000001,49.99893431254725,0.2642905691604906
72000.0,0.7000000000000001,49.99893431464562,0.2609031443208193
72000.0,0.8,49.998934316722625,0.2569456038405959
72000.0,0.9,49.99893431879201,0.2523802502241684
72000.0,1.0,49.99893432086884,0.2471744731827839
72000.0,1.1,49.99893432296841,0.2412795866847056
72000.0,1.2000000000000002,49.99893432510822,0.2346263677250964
72000.0,1.3,49.99893432731045,0.22711148905261527
72000.0,1.4000000000000001,49.99893432959988,0.21861280102682315
72000.0,1.5,49.99893433201197,0.20891662927936275
72000.0,1.6,49.99893433460153,0.19769529161139762
72000.0,1.7000000000000002,49.99893433745069,0.1843787174810218
72000.0,1.8,49.99893434072288,0.16774789206781254
72000.0,1.9000000000000001,49.99893434479026,0.14444802789648287
72000.0,2.0,49.99893435085028,0.0760990177053953
75600.0,0.0,49.99893430483161,0.26296173366647196
75600.0,0.1,49.99893430602748,0.26272609711582373
75600.0,0.2,49.99893430815058,0.2620175621151971
75600.0,0.30000000000000004,49.99893431036344,0.26083307186626276
75600.0,0.4,49.998934312533606,0.25916418432909066
75600.0,0.5,49.998934314647784,0.257005236447349
75600.0,0.6000000000000001,49.99893431671376,0.25434190084292124
75600.0,0.7000000000000001,49.998934318745114,0.2511569519173149
75600.0,0.8,49.998934320755495,0.2474341537451601
75600.0,0.9,49.99893432275843,0.24313710408913594
75600.0,1.0,49.99893432476807,0.23823399460500924
75600.0,1.1,49.99893432679926,0.23267757557002675
75600.0,1.2000000000000002,49.9989343288691,0.22640081641286594
75600.0,1.3,49.99893433099885,0.2193038468686105
75600.0,1.4000000000000001,49.998934333212446,0.2112683441490443
75600.0,1.5,49.99893433554399,0.2020879083323289
75600.0,1.6,49.99893433804647,0.19144588309023303
75600.0,1.7000000000000002,49.99893434079877,0.17879125654037364
75600.0,1.8,49.998934343958865,0.1629449957392903
75600.0,1.9000000000000001,49.998934347885154,0.14065462229640396
75600.0,2.0,49.99893435373252,0.0730068144303661
79200.0,0.0,49.99893430870719,0.25369001230629074
79200.0,0.1,49.998934309869696,0.2534677355388806
79200.0,0.2,49.998934311933795,0.25279933138720745
79200.0,0.30000000000000004,49.99893431408492,0.25168179352088893
79200.0,0.4,49.99893431619472,0.25010694646340303
79200.0,0.5,49.99893431824961,0.2480691481079761
79200.0,0.6000000000000001,49.99893432025749,0.24555447278223114
79200.0,0.7000000000000001,49.998934322231605,0.24254613794342
79200.0,0.8,49.9989343241852,0.2390281797657828
79200.0,0.9,49.99893432613118,0.23496536813168553
79200.0,1.0,49.99893432808335,0.23032664459375635
79200.0,1.1,49.998934330056215,0.2250660767809996
79200.0,1.2000000000000002,49.998934332066085,0.21911863153841302
79200.0,1.3,49.99893433413399,0.212387573132514
79200.0,1.4000000000000001,49.99893433628273,0.2047580701324766
79200.0,1.5,49.99893433854544,0.19603031406061086
79200.0,1.6,49.99893434097345,0.18589766005483446
79200.0,1.7000000000000002,49.998934343643214,0.17382644323470586
79200.0,1.8,49.998934346707586,0.15867420882226216
79200.0,1.9000000000000001,49.99893435051388,0.13728359527910758
79200.0,2.0,49.99893435618003,0.0704525046173093
82800.0,0.0,49.99893431216668,0.24544452230974895
82800.0,0.1,49.99893431329946,0.24523396675492143
82800.0,0.2,49.99893431531041,0.24460077325530147
82800.0,0.30000000000000004,49.99893431740628,0.2435419852785888
82800.0,0.4,49.99893431946157,0.24204967071018535
82800.0,0.5,49.998934321463196,0.24011821918740128
82800.0,0.6000000000000001,49.998934323419064,0.23773407563997662
82800.0,0.7000000000000001,49.998934325341736,0.23488086965692448
82800.0,0.8,49.99893432724423,0.23154290432272903
82800.0,0.9,49.99893432913899,0.22768601630214716
82800.0,1.0,49.99893433103972,0.22327984990845412
82800.0,1.1,49.99893433296029,0.21827968592460398
82800.0,1.2000000000000002,49.99893433491667,0.21262231892167785
82800.0,1.3,49.998934336929096,0.20621386809763598
82800.0,1.4000000000000001,49.998934339019854,0.198942697801789
82800.0,1.5,49.99893434122117,0.19061499409774643
82800.0,1.6,49.99893434358262,0.18093322795817893
82800.0,1.7000000000000002,49.9989343461786,0.16937955051258285
82800.0,1.8,49.998934349157594,0.15484496690994232
82800.0,1.9000000000000001,49.99893435285651,0.1342600877442318
82800.0,2.0,49.99893435836054,0.06831735174593685
86400.0,0.0,49.99893431531871,0.2380615168357163
86400.0,0.1,49.9989343164242,0.23786131361918791
86400.0,0.2,49.998934318386546,0.23725922026616567
86400.0,0.30000000000000004,49.99893432043177,0.23625232909096444
86400.0,0.4,49.99893432243704,0.23483293128505847
86400.0,0.5,49.99893432439001,0.23299545628708593
86400.0,0.6000000000000001,49.99893432629813,0.23072669231608464
86400.0,0.7000000000000001,49.998934328173675,0.2280106535074077
86400.0,0.8,49.998934330029385,0.22483190335191147
86400.0,0.9,49.99893433187742,0.22115725425380994
86400.0,1.0,49.99893433373103,0.21695701019946026
86400.0,1.1,49.998934335603906,0.21218757312271191
86400.0,1.2000000000000002,49.9989343375114,0.2067874167290418
86400.0,1.3,49.99893433947307,0.20066527152016328
86400.0,1.4000000000000001,49.99893434151096,0.1937124369606377
86400.0,1.5,49.998934343656,0.18574057171414626
86400.0,1.6,49.99893434595674,0.1764604743966932
86400.0,1.7000000000000002,49.99893434848548,0.16536875403511003
86400.0,1.8,49.99893435138637,0.1513870677932932
86400.0,1.9000000000000001,49.9989343549874,0.13152724610954722
86400.0,2.0,49.998934360343355,0.06651368644867568
90000.0,0.0,49.99893431823688,0.23140973867981726
90000.0,0.1,49.99893431931679,0.2312187365908086
90000.0,0.2,49.998934321233946,0.23064428636365347
90000.0,0.30000000000000004,49.99893432323182,0.22968352797356073
90000.0,0.4,49.99893432519059,0.22832895838534645
90000.0,0.5,49.998934327098254,0.22657505267299757
90000.0,0.6000000000000001,49.998934328961866,0.2244089180854747
90000.0,0.7000000000000001,49.99893433079376,0.22181492842662362
90000.0,0.8,49.99893433260604,0.2187779000769362
90000.0,0.9,49.99893433441076,0.21526554178491825
90000.0,1.0,49.9989343362206,0.21124877760191685
90000.0,1.1,49.99893433804897,0.2066850488299353
90000.0,1.2000000000000002,49.99893433991099,0.20151437740778821
90000.0,1.3,49.998934341825816,0.19564789173454272
90000.0,1.4000000000000001,49.99893434381454,0.1889795959110845
90000.0,1.5,49.99893434590746,0.18132616361912468
90000.0,1.6,49.99893434815198,0.1724060273056557
90000.0,1.7000000000000002,49.9989343506183,0.1617290524543045
90000.0,1.8,49.99893435344683,0.1482450397695251
90000.0,1.9000000000000001,49.99893435695708,0.12904081519624225
90000.0,2.0,49.99893436217553,0.06497566293392179
93600.0,0.0,49.99893432098037,0.22538296196878937
93600.0,0.1,49.99893432203618,0.22520018622719892
93600.0,0.2,49.998934323910476,0.22465045178322518
93600.0,0.30000000000000004,49.99893432586367,0.22373094490954532
93600.0,0.4,49.99893432777856,0.2224343528828437
93600.0,0.5,49.99893432964336,0.2207552004838449
93600.0,0.6000000000000001,49.99893433146502,0.2186808922663833
93600.0,0.7000000000000001,49.99893433325559,0.2161961391071327
93600.0,0.8,49.99893433502683,0.21328600206169854
93600.0,0.9,49.99893433679051,0.20991901646146768
93600.0,1.0,49.99893433855914,0.20606668990543997
93600.0,1.1,49.99893434034567,0.2016874299697987
93600.0,1.2000000000000002,49.99893434216489,0.19672269088678873
93600.0,1.3,49.99893434403526,0.19108581105412736
93600.0,1.4000000000000001,49.998934345977716,0.18467329475423813
93600.0,1.5,49.998934348021635,0.17730642811296968
93600.0,1.6,49.99893435021312,0.16871066544097937
93600.0,1.7000000000000002,49.99893435262061,0.15840806569524266
93600.0,1.8,49.99893435538098,0.1453743390372167
93600.0,1.9000000000000001,49.99893435880563,0.12676564309205945
93600.0,2.0,49.998934363894136,0.06365304602895407
97200.0,0.0,49.998934323600054,0.21989442633574346
97200.0,0.1,49.99893432463284,0.2197190459399212
97200.0,0.2,49.99893432646604,0.21919153162551167
97200.0,0.30000000000000004,49.99893432837632,0.2183091144852928
97200.0,0.4,49.99893433024897,0.2170646583743703
97200.0,0.5,49.99893433207279,0.21545274047524263
97200.0,0.6000000000000001,49.99893433385421,0.21346104307382208
97200.0,0.7000000000000001,49.9989343356051,0.21107459350256855
97200.0,0.8,49.99893433733706,0.20827868886160653
97200.0,0.9,49.99893433906141,0.2050426293771288
97200.0,1.0,49.99893434079053,0.20133847248035425
97200.0,1.1,49.99893434253687,0.19712552640250253
97200.0,1.2000000000000002,49.99893434431499,0.19234657448781495
97200.0,1.3,49.99893434614296,0.18691699888816907
97200.0,1.4000000000000001,49.99893434804113,0.1807356220665354
97200.0,1.5,49.9989343500381,0.17362798703123822
97200.0,1.6,49.99893435217882,0.16532602860217654
97200.0,1.7000000000000002,49.99893435452998,0.15536305712308707
97200.0,1.8,49.99893435722527,0.14273870324959453
97200.0,1.9000000000000001,49.99893436056783,0.12467333626740189
97200.0,2.0,49.99893436553191,0.06250696776099576
100800.0,0.0,49.998934326123276,0.21487265096414607
100800.0,0.1,49.998934327133384,0.2147039528313027
100800.0,0.2,49.99893432892668,0.21419651703621564
100800.0,0.30000000000000004,49.99893433079541,0.21334761793992618
100800.0,0.4,49.99893433262736,0.21215028371142616
100800.0,0.5,49.99893433441139,0.21059914557216838
100800.0,0.6000000000000001,49.99893433615392,0.20868214582874073
100800.0,0.7000000000000001,49.99893433786633,0.2063846094014502
100800.0,0.8,49.998934339560265,0.2036920606196552
100800.0,0.9,49.99893434124664,0.20057450975695545
100800.0,1.0,49.998934342937446,0.19700453292764275
100800.0,1.1,49.99893434464502,0.19294227988821305
100800.0,1.2000000000000002,49.998934346383464,0.18833177087306616
100800.0,1.3,49.99893434817051,0.183090284034261
100800.0,1.4000000000000001,49.99893435002582,0.17711879743292921
100800.0,1.5,49.998934351977255,0.17024679566004844
100800.0,1.6,49.99893435406898,0.16221221354394444
100800.0,1.7000000000000002,49.99893435636568,0.15255877573416035
100800.0,1.8,49.998934358997985,0.14030826057684748
100800.0,1.9000000000000001,49.99893436226154,0.12274063417074735
100800.0,2.0,49.998934367105164,0.06150697206733379
104400.0,0.0,49.998934328373764,0.21025825949633023
104400.0,0.1,49.99893432936403,0.21009562789085473
104400.0,0.2,49.9989343311218,0.20960642125979995
104400.0,0.30000000000000004,49.99893433295341,0.2087879556552019
104400.0,0.4,49.99893433474898,0.2076334125555573
104400.0,0.5,49.99893433649737,0.20613747805225457
104400.0,0.6000000000000001,49.99893433820512,0.20428833838992125
104400.0,0.7000000000000001,49.99893433988319,0.20207159877268455
104400.0,0.8,49.99893434154308,0.19947300193783674
104400.0,0.9,49.9989343431954,0.1964632192080146
104400.0,1.0,49.99893434485199,0.19301531659129686
104400.0,1.1,49.99893434652478,0.18909023191258897
104400.0,1.2000000000000002,49.99893434822769,0.18463313954786575
104400.0,1.3,49.9989343499779,0.1795630817722238
104400.0,1.4000000000000001,49.99893435179479,0.17378304650711734
104400.0,1.5,49.99893435370558,0.16712617921703193
104400.0,1.6,49.998934355753306,0.1593359867453978
104400.0,1.7000000000000002,49.99893435800135,0.14996586207614016
104400.0,1.8,49.998934360577096,0.13805814816141299
104400.0,1.9000000000000001,49.99893436376965,0.12094825338800766
104400.0,2.0,49.99893436850567,0.06062894067028896
108000.0,0.0,49.99893433094377,0.20600155016902957
108000.0,0.1,49.99893433191107,0.20584445020979977
108000.0,0.2,49.998934333627915,0.2053718662147126
108000.0,0.30000000000000004,49.998934335416834,0.20458115434253074
108000.0,0.4,49.9989343371704,0.20346563946087892
108000.0,0.5,49.99893433887786,0.20202006275248072
108000.0,0.6000000000000001,49.99893434054553,0.20023283975380304
108000.0,0.7000000000000001,49.99893434218427,0.19808984005619412
108000.0,0.8,49.99893434380493,0.195577016109398
108000.0,0.9,49.99893434541815,0.1926656563259206
108000.0,1.0,49.99893434703546,0.1893292899904299
108000.0,1.1,49.99893434866851,0.18552959452648887
108000.0,1.2000000000000002,49.99893435033067,0.18121282393913193
108000.0,1.3,49.99893435203876,0.17629966646015793
108000.0,1.4000000000000001,49.99893435381159,0.17069498880779482
108000.0,1.5,49.998934355676,0.16423534646416105
108000.0,1.6,49.99893435767342,0.15666943572879077
108000.0,1.7000000000000002,49.99893435986593,0.14755965094480566
108000.0,1.8,49.998934362377156,0.13596748164910832
108000.0,1.9000000000000001,49.99893436548848,0.11928003097669734
108000.0,2.0,49.998934370100926,0.05985349599142318
111600.0,0.0,49.998934333921454,0.2020606193796887
111600.0,0.1,49.99893433486153,0.201908583834425
111600.0,0.2,49.99893433653045,0.20145121903397142
111600.0,0.30000000000000004,49.99893433826918,0.20068591968862431
111600.0,0.4,49.99893433997346,0.1996061450885731
111600.0,0.5,49.99893434163312,0.19820669127522816
111600.0,0.6000000000000001,49.99893434325395,0.19647618970600972
111600.0,0.7000000000000001,49.99893434484653,0.1944007597347201
111600.0,0.8,49.99893434642155,0.19196655504712082
111600.0,0.9,49.998934347989234,0.18914544155550814
111600.0,1.0,49.99893434956067,0.18591138720054046
111600.0,1.1,49.99893435114723,0.1822267649343547
111600.0,1.2000000000000002,49.99893435276198,0.17803884106361006
111600.0,1.3,49.99893435442107,0.17326984348427948
111600.0,1.4000000000000001,49.998934356142854,0.1678263994230473
111600.0,1.5,49.9989343579532,0.16154824928041087
111600.0,1.6,49.99893435989247,0.15418893549815543
111600.0,1.7000000000000002,49.99893436202018,0.14531925529088105
111600.0,1.8,49.99893436445643,0.13401857145592028
111600.0,1.9000000000000001,49.99893436747328,0.11772230233055406
111600.0,2.0,49.99893437194186,0.059165025554753496
115200.0,0.0,49.998934336807054,0.1983999000895665
115200.0,0.1,49.99893433772047,0.19825251863489007
115200.0,0.2,49.99893433934244,0.19780914049541712
115200.0,0.30000000000000004,49.99893434103234,0.19706719740977516
115200.0,0.4,49.998934342688756,0.1960202749557685
115200.0,0.5,49.99893434430163,0.1946632234648316
115200.0,0.6000000000000001,49.99893434587676,0.19298487808043036
115200.0,0.7000000000000001,49.99893434742438,0.1909715944447539
115200.0,0.8,49.99893434895483,0.18860971928331743
115200.0,0.9,49.99893435047795,0.18587166022434531
115200.0,1.0,49.99893435200471,0.18273180107361633
115200.0,1.1,49.998934353546076,0.17915317013496604
115200.0,1.2000000000000002,49.9989343551145,0.17508398498752073
115200.0,1.3,49.99893435672578,0.17044791724860525
115200.0,1.4000000000000001,49.99893435839772,0.16515324758567806
115200.0,1.5,49.99893436015515,0.15904269867600807
115200.0,1.6,49.99893436203723,0.1518743501019576
115200.0,1.7000000000000002,49.998934364101956,0.14322686342405055
115200.0,1.8,49.998934366464994,0.13219632813902835
115200.0,1.9000000000000001,49.99893436938976,0.11626342264562158
115200.0,2.0,49.99893437371844,0.05855077963833287
118800.0,0.0,49.998934339603636,0.19498901341184616
118800.0,0.1,49.99893434049102,0.1948459239182975
118800.0,0.2,49.99893434206723,0.19441544460654828
118800.0,0.30000000000000004,49.99893434370949,0.19369504277679708
118800.0,0.4,49.99893434531907,0.19267842289298742
118800.0,0.5,49.99893434688636,0.1913604887626005
118800.0,0.6000000000000001,49.99893434841681,0.18973026799553033
118800.0,0.7000000000000001,49.99893434992049,0.18777434009141222
118800.0,0.8,49.998934351407456,0.18547923693917057
118800.0,0.9,49.99893435288709,0.18281787543414693
118800.0,1.0,49.99893435437019,0.17976503413657663
118800.0,1.1,49.99893435586722,0.17628435998847758
118800.0,1.2000000000000002,49.99893435739028,0.1723249663626236
118800.0,1.3,49.998934358954955,0.16781188171683306
118800.0,1.4000000000000001,49.99893436057812,0.16265494296030786
118800.0,1.5,49.9989343622841,0.156699671989342
118800.0,1.6,49.998934364110596,0.14970840643604597
118800.0,1.7000000000000002,49.9989343661137,0.14126718595980328
118800.0,1.8,49.99893436840546,0.1304877910665659
118800.0,1.9000000000000001,49.99893437124064,0.11489339230260459
118800.0,2.0,49.99893437543386,0.0580002727952312
122400.0,0.0,49.9989343423253,0.19180185899409657
122400.0,0.1,49.99893434318733,0.1916627403552356
122400.0,0.2,49.99893434471875,0.19124419525797876
122400.0,0.30000000000000004,49.99893434631423,0.1905437251462075
122400.0,0.4,49.99893434787782,0.18955514661526554
122400.0,0.5,49.99893434940043,0.188273415960237
122400.0,0.6000000000000001,49.99893435088717,0.18668774294851534
122400.0,0.7000000000000001,49.9989343523477,0.18478491945333753
122400.0,0.8,49.99893435379187,0.18255165499322953
122400.0,0.9,49.998934355228926,0.17996134621631507
122400.0,1.0,49.99893435666911,0.17698914686592226
122400.0,1.1,49.998934358122824,0.173599288894443
122400.0,1.2000000000000002,49.99893435960166,0.1697417308915579
122400.0,1.3,49.99893436112052,0.16534277923142768
122400.0,1.4000000000000001,49.99893436269582,0.16031373856612705
122400.0,1.5,49.99893436435144,0.15450276409830807
122400.0,1.6,49.99893436612342,0.14767619861855952
122400.0,1.7000000000000002,49.998934368066216,0.1394270194629399
122400.0,1.8,49.99893437028828,0.12888175987188832
122400.0,1.9000000000000001,49.998934373036036,0.11360356908895393
122400.0,2.0,49.998934377097044,0.05750481827522573
126000.0,0.0,49.998934344969996,0.18881588879184374
126000.0,0.1,49.99893434580781,0.18868045504326927
126000.0,0.2,49.99893434729529,0.1882729850563655
126000.0,0.30000000000000004,49.99893434884484,0.18759101306660783
126000.0,0.4,49.998934350363584,0.18662846162415592
126000.0,0.5,49.998934351842365,0.18538033840237983
126000.0,0.6000000000000001,49.998934353286074,0.1838360258352872
126000.0,0.7000000000000001,49.99893435470443,0.1819825175459615
126000.0,0.8,49.99893435610687,0.179806693500587
126000.0,0.9,49.99893435750232,0.17728240317724503
126000.0,1.0,49.998934358900556,0.17438515733952192
126000.0,1.1,49.998934360311694,0.17107974207844906
126000.0,1.2000000000000002,49.998934361747104,0.16731691496827777
126000.0,1.3,49.99893436322105,0.1630241883895625
126000.0,1.4000000000000001,49.99893436474969,0.1581142539366908
126000.0,1.5,49.998934366355854,0.15243774927754034
126000.0,1.6,49.99893436807463,0.14576479250381982
126000.0,1.7000000000000002,49.99893436995859,0.13769489849750977
126000.0,1.8,49.99893437211284,0.12736850073553296
126000.0,1.9000000000000001,49.9989343747755,0.11238643933827089
126000.0,2.0,49.99893437870833,0.05705716933013757
129600.0,0.0,49.99893434753403,0.18601152305933466
129600.0,0.1,49.99893434834786,0.1858795184528473
129600.0,0.2,49.99893434979231,0.18548235527986892
129600.0,0.30000000000000004,49.99893435129718,0.18481759926536218
129600.0,0.4,49.99893435277215,0.1838792732460409
129600.0,0.5,49.99893435420785,0.18266243508321106
129600.0,0.6000000000000001,49.99893435560972,0.18115663112329275
129600.0,0.7000000000000001,49.998934356986865,0.17934904689742556
129600.0,0.8,49.998934358348436,0.17722672598979958
129600.0,0.9,49.99893435970313,0.1747639460826159
129600.0,1.0,49.99893436106032,0.17193655808538105
129600.0,1.1,49.99893436242991,0.1687098738240407
129600.0,1.2000000000000002,49.99893436382297,0.16503540748782575
129600.0,1.3,49.99893436525332,0.16084181175963055
129600.0,1.4000000000000001,49.998934366736535,0.15604309120944537
129600.0,1.5,49.998934368294556,0.150492228427485
129600.0,1.6,49.99893436996149,0.14396290727435776
129600.0,1.7000000000000002,49.99893437178838,0.1360608156007355
129600.0,1.8,49.99893437387641,0.12593951039247359
129600.0,1.9000000000000001,49.99893437645636,0.11123543508237776
129600.0,2.0,49.998934380264984,0.05665124160684195
133200.0,0.0,49.99893435002531,0.18337167716026725
133200.0,0.1,49.99893435081549,0.1832428721310395
133200.0,0.2,49.99893435221793,0.18285532603696245
133200.0,0.30000000000000004,49.998934353678976,0.18220663486473027
133200.0,0.4,49.998934355110976,0.1812909165316481
133200.0,0.5,49.998934356504776,0.1801032778494792
133200.0,0.6000000000000001,49.998934357865664,0.17863342098804003
133200.0,0.7000000000000001,49.99893435920245,0.17686871425606757
133200.0,0.8,49.99893436052389,0.1747963583723281
133200.0,0.9,49.99893436183862,0.1723910366401095
133200.0,1.0,49.9989343631558,0.16962892441925428
133200.0,1.1,49.99893436448485,0.16647583308248137
133200.0,1.2000000000000002,49.99893436583653,0.16288399450961996
133200.0,1.3,49.99893436722425,0.1587831414916184
133200.0,1.4000000000000001,49.998934368663015,0.15408852369234927
133200.0,1.5,49.998934370174084,0.14865534285506357
133200.0,1.6,49.99893437179048,0.1422606570687905
133200.0,1.7000000000000002,49.998934373561724,0.1345159940418951
133200.0,1.8,49.99893437558541,0.12458732466718865
133200.0,1.9000000000000001,49.998934378084925,0.1101447863875707
133200.0,2.0,49.99893438177247,0.056281895848932235
136800.0,0.0,49.99893435244604,0.18088137591962872
136800.0,0.1,49.99893435321326,0.18075556362301143
136800.0,0.2,49.998934354574715,0.18037701313314045
136800.0,0.30000000000000004,49.99893435599273,0.1797433495304262
136800.0,0.4,49.99893435738261,0.17884878101549284
136800.0,0.5,49.99893435873537,0.17768846208706376
136800.0,0.6000000000000001,49.998934360056126,0.1762522432498072
136800.0,0.7000000000000001,49.99893436135335,0.17452766710716067
136800.0,0.8,49.99893436263574,0.17250208536508865
136800.0,0.9,49.99893436391153,0.17015056618758584
136800.0,1.0,49.998934365189484,0.16744959476793336
136800.0,1.1,49.99893436647898,0.16436545783113876
136800.0,1.2000000000000002,49.99893436779024,0.16085106910498775
136800.0,1.3,49.99893436913618,0.15683718620190407
136800.0,1.4000000000000001,49.99893437053146,0.15224024143256676
136800.0,1.5,49.99893437199688,0.1469175403844081
136800.0,1.6,49.998934373563884,0.14064933981725272
136800.0,1.7000000000000002,49.99893437528061,0.13305270213005504
136800.0,1.8,49.998934377241596,0.12330536214867031
136800.0,1.9000000000000001,49.99893437966301,0.1091094008140938
136800.0,2.0,49.99893438323335,0.05594476660061086
140400.0,0.0,49.998934354791515,0.1785274369856333
140400.0,0.1,49.99893435553622,0.17840443040883303
140400.0,0.2,49.99893435685749,0.17803431363234018
140400.0,0.30000000000000004,49.99893435823384,0.17741473972234653
140400.0,0.4,49.998934359582506,0.17654000273182627
140400.0,0.5,49.998934360895134,0.17540530357440295
140400.0,0.6000000000000001,49.9989343621769,0.17400063414474112
140400.0,0.7000000000000001,49.99893436343558,0.17231370344850216
140400.0,0.8,49.99893436467977,0.17033200835476767
140400.0,0.9,49.998934365917535,0.16803098275910408
140400.0,1.0,49.99893436715735,0.1653874080590159
140400.0,1.1,49.99893436840824,0.16236802393545433
140400.0,1.2000000000000002,49.998934369680114,0.15892639288591984
140400.0,1.3,49.99893437098547,0.1549942464427439
140400.0,1.4000000000000001,49.998934372338454,0.15048914198354785
140400.0,1.5,49.9989343737592,0.14527038295303857
140400.0,1.6,49.998934375278395,0.1391212634625233
140400.0,1.7000000000000002,49.99893437694237,0.13166410031798043
140400.0,1.8,49.99893437884265,0.12208779543058373
140400.0,1.9000000000000001,49.99893438118784,0.10812476469272303
140400.0,2.0,49.99893438464443,0.05563612607548891
144000.0,0.0,49.99893435707088,0.17629820945037034
144000.0,0.1,49.9989343577933,0.176177838963128
144000.0,0.2,49.99893435907518,0.17581564625364035
144000.0,0.30000000000000004,49.998934360410544,0.17520931129816433
144000.0,0.4,49.99893436171908,0.17435320990667513
144000.0,0.5,49.99893436299271,0.17324258814333196
144000.0,0.6000000000000001,49.99893436423605,0.17186757284236023
144000.0,0.7000000000000001,49.99893436545716,0.17021603205835203
144000.0,0.8,49.99893436666406,0.16827560230820393
144000.0,0.9,49.99893436786459,0.1660220655539185
144000.0,1.0,49.998934369067115,0.16343248667286406
144000.0,1.1,49.99893437028027,0.16047403753088227
144000.0,1.2000000000000002,49.998934371513656,0.1571008988031803
144000.0,1.3,49.998934372779445,0.15324572896990057
144000.0,1.4000000000000001,49.998934374091334,0.14882715726692386
144000.0,1.5,49.99893437546871,0.14370638734366273
144000.0,1.6,49.99893437694101,0.13766960207116966
144000.0,1.7000000000000002,49.99893437855337,0.13034411461523812
144000.0,1.8,49.99893438039419,0.12092944460739444
144000.0,1.9000000000000001,49.99893438266582,0.10718686147500306
144000.0,2.0,49.998934386012024,0.055352775324523665
147600.0,0.0,49.99893435927925,0.1741833568512473
147600.0,0.1,49.998934359979785,0.17406546815265564
147600.0,0.2,49.99893436122363,0.17371073582652358
147600.0,0.30000000000000004,49.99893436251892,0.17311686577401925
147600.0,0.4,49.99893436378835,0.17227831176372252
147600.0,0.5,49.998934365023786,0.17119036376065913
147600.0,0.6000000000000001,49.998934366229776,0.16984327753654813
147600.0,0.7000000000000001,49.99893436741422,0.1682250733340015
147600.0,0.8,49.998934368584855,0.16632352209574583
147600.0,0.9,49.99893436974918,0.1641147375026383
147600.0,1.0,49.99893437091538,0.16157605601731623
147600.0,1.1,49.99893437209181,0.15867506239180715
147600.0,1.2000000000000002,49.99893437328774,0.15536652712899493
147600.0,1.3,49.99893437451499,0.15158399221622945
147600.0,1.4000000000000001,49.99893437578669,0.147247109475274
147600.0,1.5,49.99893437712177,0.14221889258062498
147600.0,1.6,49.99893437854877,0.13628827597862272
147600.0,1.7000000000000002,49.99893438011122,0.12908733106463283
147600.0,1.8,49.99893438189463,0.11982568835044012
147600.0,1.9000000000000001,49.99893438409447,0.10629210343872655
147600.0,2.0,49.998934387333804,0.05509195620560584
151200.0,0.0,49.99893436142213,0.1721736760719087
151200.0,0.1,49.99893436210141,0.17205812834328496
151200.0,0.2,49.9989343633078,0.17171043332178007
151200.0,0.30000000000000004,49.99893436456438,0.171128321869
151200.0,0.4,49.99893436579538,0.1703063221844949
151200.0,0.5,49.998934366993694,0.1692397669065687
151200.0,0.6000000000000001,49.99893436816336,0.1679190351503478
151200.0,0.7000000000000001,49.998934369311996,0.16633229293605054
151200.0,0.8,49.998934370447216,0.16446744068798425
151200.0,0.9,49.99893437157624,0.16230090864722224
151200.0,1.0,49.99893437270697,0.1598102937287171
151200.0,1.1,49.99893437384753,0.1569635756085433
151200.0,1.2000000000000002,49.99893437500691,0.15371608829380726
151200.0,1.3,49.99893437619659,0.1500022170205864
151200.0,1.4000000000000001,49.99893437742929,0.14574259047741078
151200.0,1.5,49.99893437872322,0.14080194890338563
151200.0,1.6,49.99893438010605,0.13497185138968298
151200.0,1.7000000000000002,49.99893438161985,0.1278889073289718
151200.0,1.8,49.99893438334726,0.11877238949820168
151200.0,1.9000000000000001,49.998934385477696,0.10543727504696225
151200.0,2.0,49.99893438861312,0.054851280312902616
154800.0,0.0,49.998934363275794,0.17026094510960307
154800.0,0.1,49.998934363936314,0.17014760962344705
154800.0,0.2,49.9989343651099,0.16980656484305723
154800.0,0.30000000000000004,49.998934366332605,0.1692355657585797
154800.0,0.4,49.99893436753092,0.16842921172038336
154800.0,0.5,49.998934368696894,0.16738287684875522
154800.0,0.6000000000000001,49.998934369835524,0.16608705838166857
154800.0,0.7000000000000001,49.998934370952895,0.16453006211884785
154800.0,0.8,49.99893437205691,0.16269991328363093
154800.0,0.9,49.99893437315541,0.16057334459391334
154800.0,1.0,49.998934374255725,0.15812820298367955
154800.0,1.1,49.99893437536565,0.15533284630661998
154800.0,1.2000000000000002,49.99893437649388,0.1521431475868598
154800.0,1.3,49.9989343776499,0.14849429792569288
154800.0,1.4000000000000001,49.99893437884765,0.14430786037521087
154800.0,1.5,49.99893438010804,0.13945022433744006
154800.0,1.6,49.9989343814521,0.1337154558614401
154800.0,1.7000000000000002,49.99893438292554,0.12674449823361553
154800.0,1.8,49.9989343846035,0.11776583237506334
154800.0,1.9000000000000001,49.99893438667175,0.10461948615457294
154800.0,2.0,49.998934389712986,0.05462866059139233
158400.0,0.0,49.99893436459496,0.1684377953131394
158400.0,0.1,49.99893436524246,0.16832655387461673
158400.0,0.2,49.99893436639326,0.1679918042770442
158400.0,0.30000000000000004,49.99893436759203,0.16743132476265224
158400.0,0.4,49.99893436876698,0.16663978276826827
158400.0,0.5,49.99893436990982,0.16561259272437168
158400.0,0.6000000000000001,49.99893437102605,0.16434036511229885
158400.0,0.7000000000000001,49.99893437212131,0.16281153989376432
158400.0,0.8,49.99893437320338,0.16101426265623636
158400.0,0.9,49.99893437428011,0.15892555548632883
158400.0,1.0,49.99893437535843,0.15652350554745534
158400.0,1.1,49.99893437644613,0.15377683323266514
158400.0,1.2000000000000002,49.99893437755151,0.15064192776383628
158400.0,1.3,49.99893437868428,0.14705475132889773
158400.0,1.4000000000000001,49.99893437985776,0.14293776176109735
158400.0,1.5,49.998934381092,0.13815892571278424
158400.0,1.6,49.99893438240866,0.13251470689654232
158400.0,1.7000000000000002,49.998934383851406,0.12565019307417968
158400.0,1.8,49.99893438549515,0.11680267055096355
158400.0,1.9000000000000001,49.99893438752042,0.10383612919935568
158400.0,2.0,49.99893439049845,0.05442230857040205
162000.0,0.0,49.99893436576224,0.16669760237670445
162000.0,0.1,49.99893436639849,0.16658834629451108
162000.0,0.2,49.99893436752916,0.16625956541751483
162000.0,0.30000000000000004,49.9989343687065,0.16570906036617206
162000.0,0.4,49.998934369860535,0.16493156381841886
162000.0,0.5,49.99893437098308,0.16392252937960144
162000.0,0.6000000000000001,49.998934372079304,0.16267267620449063
162000.0,0.7000000000000001,49.99893437315495,0.16117057314644795
162000.0,0.8,49.99893437421764,0.1594044819544415
162000.0,0.9,49.99893437527493,0.15735170186238917
162000.0,1.0,49.99893437633381,0.15499055106705523
162000.0,1.1,49.9989343774015,0.1522900978757899
162000.0,1.2000000000000002,49.99893437848658,0.1492072264090449
162000.0,1.3,49.998934379598836,0.14567863753049812
162000.0,1.4000000000000001,49.99893438075094,0.14162764692825555
162000.0,1.5,49.99893438196233,0.13692373155119122
162000.0,1.6,49.998934383254664,0.13136565099735267
162000.0,1.7000000000000002,49.99893438467058,0.12460246104799996
162000.0,1.8,49.99893438628351,0.11587987801762807
162000.0,1.9000000000000001,49.99893438827104,0.10308484012592921
162000.0,2.0,49.99893439119364,0.05423061847560918
165600.0,0.0,49.998934366814524,0.16503439399249276
165600.0,0.1,49.9989343674402,0.16492702322561664
165600.0,0.2,49.99893436855206,0.1646039101847788
165600.0,0.30000000000000004,49.998934369710355,0.16406287718831525
165600.0,0.4,49.99893437084535,0.16329871947737806
165600.0,0.5,49.99893437194959,0.1623069287379414
165600.0,0.6000000000000001,49.99893437302762,0.16107832851701134
165600.0,0.7000000000000001,49.99893437408565,0.15960161160945294
165600.0,0.8,49.99893437513106,0.15786515194085377
165600.0,0.9,49.998934376170666,0.15584651447807102
165600.0,1.0,49.99893437721181,0.15352423980166227
165600.0,1.1,49.99893437826171,0.15086773043370635
165600.0,1.2000000000000002,49.9989343793286,0.14783434547658303
165600.0,1.3,49.99893438042227,0.1443614942040441
165600.0,1.4000000000000001,49.99893438155499,0.14037331563661226
165600.0,1.5,49.99893438274586,0.13574073455130123
165600.0,1.6,49.99893438401614,0.13026471150258412
165600.0,1.7000000000000002,49.99893438540778,0.123598105850207
165600.0,1.8,49.99893438699337,0.11499471445224584
165600.0,1.9000000000000001,49.99893438894691,0.1023634803298027
165600.0,2.0,49.998934391819034,0.05405219550384511
169200.0,0.0,49.99893436778825,0.1634427713276829
169200.0,0.1,49.99893436840472,0.16333719329704346
169200.0,0.2,49.99893436949969,0.16301947017779475
169200.0,0.30000000000000004,49.99893437063997,0.16248744515084473
169200.0,0.4,49.9989343717574,0.16173597353341207
169200.0,0.5,49.9989343728447,0.1607605840251739
169200.0,0.6000000000000001,49.99893437390574,0.15955220054322353
169200.0,0.7000000000000001,49.99893437494734,0.15809963516873685
169200.0,0.8,49.998934375976205,0.15639137022440086
169200.0,0.9,49.99893437699967,0.15440522573244186
169200.0,1.0,49.99893437802456,0.1521199565114929
169200.0,1.1,49.99893437905797,0.14950528644594724
169200.0,1.2000000000000002,49.99893438010821,0.14651903096656688
169200.0,1.3,49.99893438118443,0.14309927945075632
169200.0,1.4000000000000001,49.99893438229918,0.1391709619357649
169200.0,1.5,49.99893438347107,0.13460639266991622
169200.0,1.6,49.99893438472111,0.1292086445111341
169200.0,1.7000000000000002,49.99893438609047,0.1226342268912001
169200.0,1.8,49.998934387650536,0.11414469104866616
169200.0,1.9000000000000001,49.99893438957258,0.10167010398487748
169200.0,2.0,49.998934392398155,0.05388580751248605
172800.0,0.0,49.99893436872088,0.1619178405713544
172800.0,0.1,49.998934369327856,0.16181396980794777
172800.0,0.2,49.99893437040629,0.1615013793757038
172800.0,0.30000000000000004,49.9989343715294,0.16097793275970337
172800.0,0.4,49.99893437263,0.1602385429909037
172800.0,0.5,49.99893437370065,0.1592787747666207
172800.0,0.6000000000000001,49.99893437474606,0.1580896485965721
172800.0,0.7000000000000001,49.99893437577168,0.15666009146490528
172800.0,0.8,49.99893437678486,0.1549786905030784
172800.0,0.9,49.99893437779269,0.15302351078403173
172800.0,1.0,49.998934378802005,0.15077351368447064
172800.0,1.1,49.998934379819616,0.14819873237761064
172800.0,1.2000000000000002,49.998934380853825,0.14525742112790202
172800.0,1.3,49.9989343819135,0.14188832290370468
172800.0,1.4000000000000001,49.998934383010976,0.13801712846535313
172800.0,1.5,49.99893438416473,0.1335174869266828
172800.0,1.6,49.998934385395444,0.12819450050911052
172800.0,1.7000000000000002,49.998934386743315,0.12170818514578946
172800.0,1.8,49.99893438827911,0.11332754146435
172800.0,1.9000000000000001,49.998934390171144,0.10100293671299967
172800.0,2.0,49.99893439295249,0.05373036371116638
176400.0,0.0,49.99893436962611,0.16045515544223243
176400.0,0.1,49.998934370224674,0.16035291254839132
176400.0,0.2,49.99893437128708,0.16004521622444148
176400.0,0.30000000000000004,49.99893437239342,0.15952994959918892
176400.0,0.4,49.99893437347771,0.15880208121727818
176400.0,0.5,49.99893437453244,0.15785721078097378
176400.0,0.6000000000000001,49.99893437556199,0.15668645183536764
176400.0,0.7000000000000001,49.99893437657238,0.1552788421354014
176400.0,0.8,49.99893437757055,0.1536230702135663
176400.0,0.9,49.99893437856315,0.15169743680645717
176400.0,1.0,49.99893437955717,0.14948110260046804
176400.0,1.1,49.99893438055943,0.14694439870109732
176400.0,1.2000000000000002,49.99893438157784,0.1440460017754037
176400.0,1.3,49.99893438262154,0.14072528351243327
176400.0,1.4000000000000001,49.998934383702476,0.13690866695440496
176400.0,1.5,49.99893438483855,0.13247108490131737
176400.0,1.6,49.998934386050394,0.12721959121380882
176400.0,1.7000000000000002,49.9989343873778,0.12081757382425677
176400.0,1.8,49.99893438888972,0.11254119708962848
176400.0,1.9000000000000001,49.99893439075248,0.1003603570025534
176400.0,2.0,49.998934393490515,0.05358489570111517
180000.0,0.0,49.99893437050889,0.15905066625945233
180000.0,0.1,49.9989343710983,0.15894997736929178
180000.0,0.2,49.99893437214513,0.1586469534971238
180000.0,0.30000000000000004,49.99893437323499,0.1581394966418931
180000.0,0.4,49.998934374303246,0.15742262881626412
180000.0,0.5,49.9989343753424,0.15649198376987494
180000.0,0.6000000000000001,49.99893437635666,0.15533876473150038
180000.0,0.7000000000000001,49.99893437735204,0.15395211632832792
180000.0,0.8,49.998934378335434,0.15232082525564722
180000.0,0.9,49.99893437931331,0.15042341909363918
180000.0,1.0,49.99893438029255,0.1482392509900317
180000.0,1.1,49.99893438127987,0.14573893928669954
180000.0,1.2000000000000002,49.99893438228304,0.14288156759973347
180000.0,1.3,49.998934383310996,0.1396071129749407
180000.0,1.4000000000000001,49.99893438437579,0.13584270399564966
180000.0,1.5,49.998934385494465,0.13146450910674412
180000.0,1.6,49.99893438668818,0.12628146086057288
180000.0,1.7000000000000002,49.998934387995064,0.11996019299302205
180000.0,1.8,49.99893438948419,0.11178376564544278
180000.0,1.9000000000000001,49.99893439131836,0.09974087989563396
180000.0,2.0,49.99893439401444,0.053448541345980316
183600.0,0.0,49.9989343713828,0.15770067624210077
183600.0,0.1,49.99893437196357,0.1576014726946259
183600.0,0.2,49.99893437299471,0.15730291491119022
183600.0,0.30000000000000004,49.9989343740686,0.15680292317483252
183600.0,0.4,49.99893437512094,0.1560965710200398
183600.0,0.5,49.99893437614452,0.15517952532360016
183600.0,0.6000000000000001,49.99893437714354,0.1540430758343994
183600.0,0.7000000000000001,49.99893437812415,0.1526764703668637
183600.0,0.8,49.99893437909287,0.15106859069916226
183600.0,0.9,49.998934380056085,0.14919818295640003
183600.0,1.0,49.99893438102049,0.1470447862704078
183600.0,1.1,49.99893438199291,0.14457929613311532
183600.0,1.2000000000000002,49.99893438298096,0.14176118855597444
183600.0,1.3,49.99893438399357,0.13853102396202044
183600.0,1.4000000000000001,49.99893438504233,0.13481661129941136
183600.0,1.5,49.99893438614413,0.13049530949740903
183600.0,1.6,49.99893438731942,0.12537786123639175
183600.0,1.7000000000000002,49.9989343886063,0.11913402747771028
183600.0,1.8,49.99893439007252,0.11105351243201937
183600.0,1.9000000000000001,49.99893439187872,0.09914314243493594
183600.0,2.0,49.99893439453291,0.053320530855416694
187200.0,0.0,49.99893437224796,0.15640180346866855
187200.0,0.1,49.998934372820315,0.15630402139153837
187200.0,0.2,49.99893437383605,0.15600973726804424
187200.0,0.30000000000000004,49.99893437489379,0.15551688927688034
187200.0,0.4,49.998934375930276,0.15482060060163258
187200.0,0.5,49.99893437693862,0.15391657037409695
187200.0,0.6000000000000001,49.99893437792275,0.15279617187953448
187200.0,0.7000000000000001,49.99893437888852,0.15144875263518487
187200.0,0.8,49.998934379842694,0.14986328657121012
187200.0,0.9,49.998934380791354,0.14801873053907888
187200.0,1.0,49.99893438174115,0.1458948035218294
187200.0,1.1,49.99893438269879,0.1434626686383067
187200.0,1.2000000000000002,49.99893438367201,0.14068218057152337
187200.0,1.3,49.99893438466921,0.13749446241682456
187200.0,1.4000000000000001,49.998934385702,0.13382797975271626
187200.0,1.5,49.99893438678703,0.1295612394813135
187200.0,1.6,49.998934387944416,0.12450672987740166
187200.0,1.7000000000000002,49.99893438921174,0.11833722755049327
187200.0,1.8,49.998934390655336,0.11034884398077
187200.0,1.9000000000000001,49.9989343924334,0.09856589122384075
187200.0,2.0,49.998934395045694,0.053200175185468504
190800.0,0.0,49.99893437310561,0.15515094829692558
190800.0,0.1,49.998934373669044,0.15505452771994457
190800.0,0.2,49.99893437466949,0.15476433753880858
190800.0,0.30000000000000004,49.99893437571143,0.1542783330815945
190800.0,0.4,49.99893437673222,0.15359168548508706
190800.0,0.5,49.99893437772516,0.15270012527348092
190800.0,0.6000000000000001,49.998934378694344,0.15159510644134264
190800.0,0.7000000000000001,49.99893437964556,0.15026607291023836
190800.0,0.8,49.99893438058524,0.14870208797189974
190800.0,0.9,49.99893438151946,0.14688231182929704
190800.0,1.0,49.998934382454934,0.1447866375043843
190800.0,1.1,49.99893438339808,0.1423864867411578
190800.0,1.2000000000000002,49.998934384356346,0.13964207993694852
190800.0,1.3,49.99893438533843,0.13649508333003182
190800.0,1.4000000000000001,49.99893438635536,0.13287459672578467
190800.0,1.5,49.99893438742373,0.12866023492803946
190800.0,1.6,49.99893438856344,0.12366617098399893
190800.0,1.7000000000000002,49.998934389811325,0.11756809201835924
190800.0,1.8,49.99893439123247,0.10966829370574838
190800.0,1.9000000000000001,49.99893439298262,0.09800797139596049
190800.0,2.0,49.99893439555399,0.05308685593280172
194400.0,0.0,49.998934373949794,0.15394526309152073
194400.0,0.1,49.99893437450487,0.15385014825434476
194400.0,0.2,49.99893437549014,0.15356388386962977
194400.0,0.30000000000000004,49.99893437651616,0.1530844421094141
194400.0,0.4,49.99893437752149,0.15240704040211064
194400.0,0.5,49.99893437849943,0.15152743984721623
194400.0,0.6000000000000001,49.99893437945417,0.1504371724784205
194400.0,0.7000000000000001,49.99893438039078,0.14912577549477876
194400.0,0.8,49.99893438131613,0.1475823988901262
194400.0,0.9,49.99893438223637,0.14578639925364784
194400.0,1.0,49.998934383157575,0.14371783813218147
194400.0,1.1,49.99893438408645,0.14134838737643143
194400.0,1.2000000000000002,49.99893438503,0.13863862085013862
194400.0,1.3,49.998934385997075,0.13553072949121375
194400.0,1.4000000000000001,49.99893438699843,0.13195442615919248
194400.0,1.5,49.99893438805037,0.12779039574069992
194400.0,1.6,49.99893438917252,0.12285443865870352
194400.0,1.7000000000000002,49.998934390401075,0.11682505336782543
194400.0,1.8,49.99893439180045,0.10901050933421354
194400.0,1.9000000000000001,49.99893439352326,0.09746831702230263
194400.0,2.0,49.998934396054096,0.052980016924600436
198000.0,0.0,49.99893437477988,0.1527821280621661
198000.0,0.1,49.998934375326655,0.15268826639432534
198000.0,0.2,49.998934376297086,0.15240577029433466
198000.0,0.30000000000000004,49.99893437730748,0.15193262809196623
198000.0,0.4,49.99893437829769,0.1512641019808183
198000.0,0.5,49.998934379260845,0.15039598284453362
198000.0,0.6000000000000001,49.99893438020109,0.14931987821966086
198000.0,0.7000000000000001,49.998934381123604,0.14802541561728616
198000.0,0.8,49.99893438203492,0.14650182919819632
198000.0,0.9,49.99893438294123,0.1447286653520806
198000.0,1.0,49.99893438384845,0.14268614891463594
198000.0,1.1,49.99893438476312,0.1403461937733612
198000.0,1.2000000000000002,49.99893438569228,0.1376697156677085
198000.0,1.3,49.99893438664469,0.13459941279698043
198000.0,1.4000000000000001,49.9989343876307,0.1310655910422951
198000.0,1.5,49.99893438866661,0.1269499696366815
198000.0,1.6,49.99893438977142,0.12206992214861026
198000.0,1.7000000000000002,49.99893439098088,0.116106664671019
198000.0,1.8,49.998934392358535,0.10837424174950068
198000.0,1.9000000000000001,49.99893439405457,0.0969459423598648
198000.0,2.0,49.998934396545565,0.052879156609348985
201600.0,0.0,49.99893437559609,0.15165912762578262
201600.0,0.1,49.998934376134855,0.1515664699837324
201600.0,0.2,49.99893437709062,0.15128759435559905
201600.0,0.30000000000000004,49.998934378085835,0.15082050481229142
201600.0,0.4,49.99893437906087,0.15016050682788243
201600.0,0.5,49.99893438000953,0.14930342031803945
201600.0,0.6000000000000001,49.99893438093562,0.14824092591968585
201600.0,0.7000000000000001,49.99893438184415,0.14696273863802026
201600.0,0.8,49.99893438274165,0.14545817438077344
201600.0,0.9,49.99893438363404,0.14370696310381506
201600.0,1.0,49.99893438452756,0.14168948795504066
201600.0,1.1,49.998934385428356,0.13937789720586694
201600.0,1.2000000000000002,49.99893438634348,0.13673343749077416
201600.0,1.3,49.998934387281224,0.133699297763757
201600.0,1.4000000000000001,49.99893438825228,0.13020635795245122
201600.0,1.5,49.99893438927188,0.1261373378278368
201600.0,1.6,49.99893439035992,0.12131113280408315
201600.0,1.7000000000000002,49.99893439155068,0.11541158800371959
201600.0,1.8,49.99893439290679,0.1077583351567429
201600.0,1.9000000000000001,49.99893439457668,0.09643993437156728
201600.0,2.0,49.99893439702828,0.052783821788312736
205200.0,0.0,49.99893437639537,0.15057403107369446
205200.0,0.1,49.99893437692617,0.15048253139296972
205200.0,0.2,49.99893437786773,0.15020713736262298
205200.0,0.30000000000000004,49.998934378848105,0.14974586849685106
205200.0,0.4,49.99893437980842,0.14909407214842255
205200.0,0.5,49.99893438074281,0.1482475965289221
205200.0,0.6000000000000001,49.99893438165458,0.14719819309945642
205200.0,0.7000000000000001,49.99893438254952,0.14593566168406996
205200.0,0.8,49.99893438343355,0.1444493976272424
205200.0,0.9,49.99893438431246,0.1427193085431321
205200.0,1.0,49.998934385192456,0.14072593115727994
205200.0,1.1,49.99893438607967,0.138441640860102
205200.0,1.2000000000000002,49.99893438698092,0.1358280047671854
205200.0,1.3,49.998934387904455,0.1328286869450713
205200.0,1.4000000000000001,49.998934388860675,0.12937512337516638
205200.0,1.5,49.99893438986487,0.12535100234577812
205200.0,1.6,49.9989343909362,0.12057669253384042
205200.0,1.7000000000000002,49.99893439210848,0.11473858419250975
205200.0,1.8,49.99893439344379,0.10716171835738769
205200.0,1.9000000000000001,49.998934395087645,0.09594944597548488
205200.0,2.0,49.99893439750076,0.05269360204300715
