material,angle_deg,file,window,window_low_cm_inv,window_high_cm_inv,mask,model,n_points,q_um,status,ambiguity,cycles,peak_width_per_cm_inv,q_bin_resolution_um,grid_step_cm_inv,nfft,rmse,residual_lag1,boundary_hit,runtime_s
SiC,10,附件1.xlsx,W1,600.0,1600.0,raw,B,2074,8.195042176815143,OK_CONDITIONAL,0.3126874648158277,1.6380704308354703,,,,,,,,0.00014089999604038894
SiC,10,附件1.xlsx,W1,600.0,1600.0,raw,F,2074,10.000901915395268,OK_CONDITIONAL,0.26147365937631517,1.9990356798458173,0.0020001803830790536,5.002863138574206,0.48211659430774034,2074,,,,0.00016219998360611498
SiC,10,附件1.xlsx,W1,600.0,1600.0,raw,P,2074,8.56077203957835,OK_CONDITIONAL,,,,,,,16.629400654336017,0.9997882934674432,False,0.02244790000258945
SiC,10,附件1.xlsx,W1,600.0,1600.0,reasoned,B,2074,8.195042176815143,OK_CONDITIONAL,0.3126874648158277,1.6380704308354703,,,,,,,,0.00014719998580403626
SiC,10,附件1.xlsx,W1,600.0,1600.0,reasoned,F,2074,10.000901915395268,OK_CONDITIONAL,0.26147365937631517,1.9990356798458173,0.0020001803830790536,5.002863138574206,0.48211659430774034,2074,,,,0.00015770000754855573
SiC,10,附件1.xlsx,W1,600.0,1600.0,reasoned,P,2074,8.56077203957835,OK_CONDITIONAL,,,,,,,16.629400654336017,0.9997882934674432,False,0.024550700007239357
SiC,10,附件1.xlsx,W2,1600.0,2800.0,raw,B,2489,21.49639198162506,OK_CONDITIONAL,0.07943370639866387,5.157014531340627,,,,,,,,0.0002651000104378909
SiC,10,附件1.xlsx,W2,1600.0,2800.0,raw,F,2489,20.83352227669277,OK_CONDITIONAL,0.024116836668927655,4.997991161109782,0.0016666817821354217,4.168379175778049,0.48211696141470384,2489,,,,0.0002769000129774213
SiC,10,附件1.xlsx,W2,1600.0,2800.0,raw,P,2489,19.958514341071673,OK_CONDITIONAL,,,,,,,0.1983421832991185,0.9974267056135979,False,0.028879000019514933
SiC,10,附件1.xlsx,W2,1600.0,2800.0,reasoned,B,2489,21.49639198162506,OK_CONDITIONAL,0.07943370639866387,5.157014531340627,,,,,,,,0.00017529999604448676
SiC,10,附件1.xlsx,W2,1600.0,2800.0,reasoned,F,2489,20.83352227669277,OK_CONDITIONAL,0.024116836668927655,4.997991161109782,0.0016666817821354217,4.168379175778049,0.48211696141470384,2489,,,,0.00020410001161508262
SiC,10,附件1.xlsx,W2,1600.0,2800.0,reasoned,P,2489,19.958514341071673,OK_CONDITIONAL,,,,,,,0.1983421832991185,0.9974267056135979,False,0.02588050000485964
SiC,10,附件1.xlsx,W3,2800.0,3800.0,raw,B,2074,1446.3793102420968,OK_CONDITIONAL,0.9411006710111567,289.11039625532766,,,,,,,,0.00016339999274350703
SiC,10,附件1.xlsx,W3,2800.0,3800.0,raw,F,2074,20.00179782681621,OK_CONDITIONAL,0.01745549220003621,3.9980713596918545,0.0020001797826816217,5.002861636856283,0.4821167390255141,2074,,,,0.0001750000228639692
SiC,10,附件1.xlsx,W3,2800.0,3800.0,raw,P,2074,19.761776252894418,OK_CONDITIONAL,,,,,,,0.04484563667890286,0.9483889293537592,False,0.02504199999384582
SiC,10,附件1.xlsx,W3,2800.0,3800.0,reasoned,B,2074,1446.3793102420968,OK_CONDITIONAL,0.9411006710111567,289.11039625532766,,,,,,,,0.0001821999903768301
SiC,10,附件1.xlsx,W3,2800.0,3800.0,reasoned,F,2074,20.00179782681621,OK_CONDITIONAL,0.01745549220003621,3.9980713596918545,0.0020001797826816217,5.002861636856283,0.4821167390255141,2074,,,,0.0001829999964684248
SiC,10,附件1.xlsx,W3,2800.0,3800.0,reasoned,P,2074,19.761776252894418,OK_CONDITIONAL,,,,,,,0.04484563667890286,0.9483889293537592,False,0.022495800018077716
SiC,15,附件2.xlsx,W1,600.0,1600.0,raw,B,2074,8.171142985271366,OK_CONDITIONAL,0.3122672987282532,1.6332933280281792,,,,,,,,0.00014930000179447234
SiC,15,附件2.xlsx,W1,600.0,1600.0,raw,F,2074,10.000901915395268,OK_CONDITIONAL,0.25526406989704636,1.9990356798458173,0.0020001803830790536,5.002863138574206,0.48211659430774034,2074,,,,0.00018430000636726618
SiC,15,附件2.xlsx,W1,600.0,1600.0,raw,P,2074,8.56077203957835,OK_CONDITIONAL,,,,,,,17.67174049324094,0.9998331260266303,False,0.022295700007816777
SiC,15,附件2.xlsx,W1,600.0,1600.0,reasoned,B,1812,8.016579374682749,OK_CONDITIONAL,0.1811819468906044,1.6023982972613235,,,,,,,,0.00013830000534653664
SiC,15,附件2.xlsx,W1,600.0,1600.0,reasoned,F,1812,10.0002043531535,OK_CONDITIONAL,0.26558944282191294,1.9988962472404377,0.0020000408706306997,5.002863138574206,0.5518651021535561,1812,,,,0.00017630000365898013
SiC,15,附件2.xlsx,W1,600.0,1600.0,reasoned,P,1812,8.140166343466948,OK_CONDITIONAL,,,,,,,14.341832007786083,0.9995840510356464,False,0.020082600007299334
SiC,15,附件2.xlsx,W2,1600.0,2800.0,raw,B,2489,2918.3298517536928,OK_CONDITIONAL,0.8464453569534008,700.1114170975035,,,,,,,,0.0001787999935913831
SiC,15,附件2.xlsx,W2,1600.0,2800.0,raw,F,2489,20.83352227669277,OK_CONDITIONAL,0.06397416845582068,4.997991161109782,0.0025000226732031323,4.168379175778049,0.48211696141470384,2489,,,,0.00020360000780783594
SiC,15,附件2.xlsx,W2,1600.0,2800.0,raw,P,2489,19.833513207411514,OK_CONDITIONAL,,,,,,,0.196578835291481,0.9971958911328033,False,0.025612099998397753
SiC,15,附件2.xlsx,W2,1600.0,2800.0,reasoned,B,2489,2918.3298517536928,OK_CONDITIONAL,0.8464453569534008,700.1114170975035,,,,,,,,0.00015639999764971435
SiC,15,附件2.xlsx,W2,1600.0,2800.0,reasoned,F,2489,20.83352227669277,OK_CONDITIONAL,0.06397416845582068,4.997991161109782,0.0025000226732031323,4.168379175778049,0.48211696141470384,2489,,,,0.00019829999655485153
SiC,15,附件2.xlsx,W2,1600.0,2800.0,reasoned,P,2489,19.833513207411514,OK_CONDITIONAL,,,,,,,0.196578835291481,0.9971958911328033,False,0.026035199989564717
SiC,15,附件2.xlsx,W3,2800.0,3800.0,raw,B,2074,1114.747147921053,OK_CONDITIONAL,0.9696966441501329,222.82190251048843,,,,,,,,0.00013899998157285154
SiC,15,附件2.xlsx,W3,2800.0,3800.0,raw,F,2074,20.00179782681621,OK_CONDITIONAL,0.022232149883282554,3.9980713596918545,0.0020001797826816217,5.002861636856283,0.4821167390255141,2074,,,,0.00016250001499429345
SiC,15,附件2.xlsx,W3,2800.0,3800.0,raw,P,2074,19.4917519822324,OK_CONDITIONAL,,,,,,,0.05355889218877312,0.9600591801744424,False,0.022603100020205602
SiC,15,附件2.xlsx,W3,2800.0,3800.0,reasoned,B,2074,1114.747147921053,OK_CONDITIONAL,0.9696966441501329,222.82190251048843,,,,,,,,0.00015089998487383127
SiC,15,附件2.xlsx,W3,2800.0,3800.0,reasoned,F,2074,20.00179782681621,OK_CONDITIONAL,0.022232149883282554,3.9980713596918545,0.0020001797826816217,5.002861636856283,0.4821167390255141,2074,,,,0.00016070000128820539
SiC,15,附件2.xlsx,W3,2800.0,3800.0,reasoned,P,2074,19.4917519822324,OK_CONDITIONAL,,,,,,,0.05355889218877312,0.9600591801744424,False,0.02271580000524409
Si,10,附件3.xlsx,W1,600.0,1600.0,raw,B,2074,13.157497005185823,OK_CONDITIONAL,0.11606168292716422,2.629993393929951,,,,,,,,0.00019439999596215785
Si,10,附件3.xlsx,W1,600.0,1600.0,raw,F,2074,15.001352873092902,OK_CONDITIONAL,0.10259112141968083,2.998553519768726,0.0020001803830790536,5.002863138574206,0.48211659430774034,2074,,,,0.00017980000120587647
Si,10,附件3.xlsx,W1,600.0,1600.0,raw,P,2074,13.246194586941034,OK_CONDITIONAL,,,,,,,6.205832104142155,0.9998742561553331,False,0.02246840001316741
Si,10,附件3.xlsx,W1,600.0,1600.0,reasoned,B,2074,13.157497005185823,OK_CONDITIONAL,0.11606168292716422,2.629993393929951,,,,,,,,0.00013669999316334724
Si,10,附件3.xlsx,W1,600.0,1600.0,reasoned,F,2074,15.001352873092902,OK_CONDITIONAL,0.10259112141968083,2.998553519768726,0.0020001803830790536,5.002863138574206,0.48211659430774034,2074,,,,0.0001598999951966107
Si,10,附件3.xlsx,W1,600.0,1600.0,reasoned,P,2074,13.246194586941034,OK_CONDITIONAL,,,,,,,6.205832104142155,0.9998742561553331,False,0.022043800010578707
Si,10,附件3.xlsx,W2,1600.0,2800.0,raw,B,2489,11.652487054980323,OK_CONDITIONAL,0.08476903040774302,2.795447957971657,,,,,,,,0.00016229998436756432
Si,10,附件3.xlsx,W2,1600.0,2800.0,raw,F,2489,12.500113366015661,OK_CONDITIONAL,0.016609494271760176,2.9987946966658696,0.0016666817821354215,4.168379175778049,0.48211696141470384,2489,,,,0.00020760000916197896
Si,10,附件3.xlsx,W2,1600.0,2800.0,raw,P,2489,11.712606223956675,OK_CONDITIONAL,,,,,,,1.409950208223867,0.9998982468761687,False,0.025128700013738126
Si,10,附件3.xlsx,W2,1600.0,2800.0,reasoned,B,2489,11.652487054980323,OK_CONDITIONAL,0.08476903040774302,2.795447957971657,,,,,,,,0.00015740000526420772
Si,10,附件3.xlsx,W2,1600.0,2800.0,reasoned,F,2489,12.500113366015661,OK_CONDITIONAL,0.016609494271760176,2.9987946966658696,0.0016666817821354215,4.168379175778049,0.48211696141470384,2489,,,,0.0001897999900393188
Si,10,附件3.xlsx,W2,1600.0,2800.0,reasoned,P,2489,11.712606223956675,OK_CONDITIONAL,,,,,,,1.409950208223867,0.9998982468761687,False,0.028838800004450604
Si,10,附件3.xlsx,W3,2800.0,3800.0,raw,B,2074,396.90665090720614,OK_CONDITIONAL,0.9226619742655328,79.33592406057744,,,,,,,,0.00015999999595806003
Si,10,附件3.xlsx,W3,2800.0,3800.0,raw,F,2074,10.000898913408106,OK_CONDITIONAL,0.010260972260877802,1.9990356798459272,0.0020001797826816213,5.002861636856283,0.4821167390255141,2074,,,,0.00017369998386129737
Si,10,附件3.xlsx,W3,2800.0,3800.0,raw,P,2074,11.62104453738022,OK_CONDITIONAL,,,,,,,0.18335422308773244,0.9967564498217305,False,0.022110299993073568
Si,10,附件3.xlsx,W3,2800.0,3800.0,reasoned,B,2074,396.90665090720614,OK_CONDITIONAL,0.9226619742655328,79.33592406057744,,,,,,,,0.00014620000729337335
Si,10,附件3.xlsx,W3,2800.0,3800.0,reasoned,F,2074,10.000898913408106,OK_CONDITIONAL,0.010260972260877802,1.9990356798459272,0.0020001797826816213,5.002861636856283,0.4821167390255141,2074,,,,0.00021520000882446766
Si,10,附件3.xlsx,W3,2800.0,3800.0,reasoned,P,2074,11.62104453738022,OK_CONDITIONAL,,,,,,,0.18335422308773244,0.9967564498217305,False,0.021930999995674938
Si,15,附件4.xlsx,W1,600.0,1600.0,raw,B,2074,12.303782653023466,OK_CONDITIONAL,0.055432276891427434,2.459348239642228,,,,,,,,0.0001412999990861863
Si,15,附件4.xlsx,W1,600.0,1600.0,raw,F,2074,15.001352873092902,OK_CONDITIONAL,0.10506853008603174,2.998553519768726,0.0020001803830790536,5.002863138574206,0.48211659430774034,2074,,,,0.0001765000051818788
Si,15,附件4.xlsx,W1,600.0,1600.0,raw,P,2074,13.201190528321753,OK_CONDITIONAL,,,,,,,6.9477940617109155,0.9998751154660285,False,0.02194109998526983
Si,15,附件4.xlsx,W1,600.0,1600.0,reasoned,B,2074,12.303782653023466,OK_CONDITIONAL,0.055432276891427434,2.459348239642228,,,,,,,,0.0001345000055152923
Si,15,附件4.xlsx,W1,600.0,1600.0,reasoned,F,2074,15.001352873092902,OK_CONDITIONAL,0.10506853008603174,2.998553519768726,0.0020001803830790536,5.002863138574206,0.48211659430774034,2074,,,,0.00015800000983290374
Si,15,附件4.xlsx,W1,600.0,1600.0,reasoned,P,2074,13.201190528321753,OK_CONDITIONAL,,,,,,,6.9477940617109155,0.9998751154660285,False,0.022062199976062402
Si,15,附件4.xlsx,W2,1600.0,2800.0,raw,B,2489,11.97163919522746,OK_CONDITIONAL,0.023338198662713094,2.8720130032299416,,,,,,,,0.00016010002582333982
Si,15,附件4.xlsx,W2,1600.0,2800.0,raw,F,2489,12.500113366015661,OK_CONDITIONAL,0.028300361978539083,2.9987946966658696,0.0016666817821354215,4.168379175778049,0.48211696141470384,2489,,,,0.00018259999342262745
Si,15,附件4.xlsx,W2,1600.0,2800.0,raw,P,2489,11.675105883858627,OK_CONDITIONAL,,,,,,,1.55914805458283,0.9999026278521164,False,0.026889100001426414
Si,15,附件4.xlsx,W2,1600.0,2800.0,reasoned,B,2489,11.97163919522746,OK_CONDITIONAL,0.023338198662713094,2.8720130032299416,,,,,,,,0.00016379999578930438
Si,15,附件4.xlsx,W2,1600.0,2800.0,reasoned,F,2489,12.500113366015661,OK_CONDITIONAL,0.028300361978539083,2.9987946966658696,0.0016666817821354215,4.168379175778049,0.48211696141470384,2489,,,,0.0001996000064536929
Si,15,附件4.xlsx,W2,1600.0,2800.0,reasoned,P,2489,11.675105883858627,OK_CONDITIONAL,,,,,,,1.55914805458283,0.9999026278521164,False,0.025470599997788668
Si,15,附件4.xlsx,W3,2800.0,3800.0,raw,B,2074,183.09463832099718,OK_CONDITIONAL,0.9543367533748157,36.59798163757551,,,,,,,,0.00015930001973174512
Si,15,附件4.xlsx,W3,2800.0,3800.0,raw,F,2074,10.000898913408106,OK_CONDITIONAL,0.007897052746958998,1.9990356798459272,0.0010000898913408106,5.002861636856283,0.4821167390255141,2074,,,,0.00016869997489266098
Si,15,附件4.xlsx,W3,2800.0,3800.0,raw,P,2074,11.54603779552966,OK_CONDITIONAL,,,,,,,0.21224905075099657,0.9974542860977518,False,0.022395500011043623
Si,15,附件4.xlsx,W3,2800.0,3800.0,reasoned,B,2074,183.09463832099718,OK_CONDITIONAL,0.9543367533748157,36.59798163757551,,,,,,,,0.0001587000151630491
Si,15,附件4.xlsx,W3,2800.0,3800.0,reasoned,F,2074,10.000898913408106,OK_CONDITIONAL,0.007897052746958998,1.9990356798459272,0.0010000898913408106,5.002861636856283,0.4821167390255141,2074,,,,0.00018730000010691583
Si,15,附件4.xlsx,W3,2800.0,3800.0,reasoned,P,2074,11.54603779552966,OK_CONDITIONAL,,,,,,,0.21224905075099657,0.9974542860977518,False,0.02446709998184815
