scenario,q,hm_mult,pref_mult,exponent_mult,shell,event_time_s,runtime_s,balance_error
0,3,1.0652931246934898,0.9850661749360279,1.0062477412669635,core,227463.7008362666,1.2098467000032542,3.5874149549908354e-10
1,4,1.1232362974750842,1.045566634793921,1.005102633403896,core,182970.04744422153,1.0355563000048278,3.1411471356997654e-10
2,3,1.1026385670038552,0.9603997327279011,0.980433534429145,core,216801.87973101728,1.2560538000107044,3.266089819681748e-10
3,4,0.8246759072078444,1.0640853538815482,1.0106667036354418,core,184049.7156054432,1.1613703000039095,5.962936518182318e-10
4,3,0.9845958357919131,0.9939666440789042,1.0369410106349957,core,246366.24474808344,1.393833900001482,4.389659860719213e-10
5,4,0.9424023877338541,1.075556756381207,1.0198548231918676,core,183709.2843471139,1.1712023000000045,1.044492915552892e-09
6,3,0.8008138807585871,0.954890930330943,1.0389876185621585,core,259200.0,1.4485411000059685,7.016195156581146e-10
7,4,1.1180446197911713,0.9360862270020461,0.9809963985498712,core,194619.6975260756,1.1604163000010885,3.823560777568689e-10
8,3,1.1724390226858916,0.9690144946941124,0.9748356743024966,core,210997.75177530135,1.1355929000128526,3.1858286418010813e-10
9,4,0.9627017812544394,0.9660408843698692,1.037026085143205,core,207633.76276091224,1.028263700005482,1.755659430203207e-10
10,3,1.0633792966770288,1.02326345689906,1.003129920539021,core,217753.94411558507,1.0030813999910606,3.4211065962243027e-10
11,4,1.1586207870246856,1.0573296479933578,1.0143964250040922,core,183661.04708441615,0.8686731000052532,3.3781798491508474e-10
12,3,0.9911042605084794,0.9177176923399901,1.0434450379298759,core,259200.0,1.1650691999966512,8.331630360989588e-10
13,4,0.9630025713383177,0.9051076916844665,1.0063248204277904,core,209727.58854820312,0.9481265999929747,2.124456092440786e-10
14,3,1.109419946105535,1.0965060973161043,0.9654346252604762,core,184425.62989556362,0.8483893000084208,3.830375635962736e-10
15,4,1.0737927562685161,1.070085926953191,1.0269918438177752,core,185744.68503638415,0.8181273000082001,2.2922148906497342e-10
16,3,0.9452896251796208,1.0365592849965743,1.0231691011383734,core,228977.943044364,1.0010608000011416,4.691328861915141e-10
17,4,0.8547075762852928,1.0748739078003786,1.0381115311976032,core,189938.16481194977,0.9240682999952696,7.370641886698372e-10
18,3,1.1918744306857372,0.9232203748253909,0.9773889226317688,core,222119.7210752657,1.0007923999946797,3.131265810339565e-10
19,4,1.0072549666183552,1.047836207287137,1.0063619136445114,core,183626.8140632501,1.0319039000023622,1.7859177391629064e-10
20,3,0.8169954327529434,1.0212342566085901,1.0239241361537352,core,235508.9568176842,1.4577315999922575,8.464005209287618e-10
21,4,0.9308415596458904,1.0138925761605408,0.9999538390452363,core,187787.01249530574,1.2027308999968227,1.0793903884850353e-09
22,3,1.1632501603979186,1.0023583946056973,1.0362033679799785,core,241785.61304430763,1.4140409999963595,3.5718086658609295e-10
23,4,0.8028942392363889,1.0109007282752627,1.0000625524094091,core,189680.64571907633,1.2540507999947295,5.024618898615924e-10
24,3,1.1877422819972328,0.9660426553526468,0.9633219787271892,core,205017.4249942827,1.2353627000120468,3.207741935117955e-10
25,4,0.8348497883686072,1.0227429748271917,1.0176712966288601,core,192492.07048782677,1.2151787000038894,6.245217011529571e-10
26,3,0.8190282345679033,1.0592668030978716,0.9649387492571819,core,196296.78702409563,1.1323999000014737,8.077294579562903e-10
27,4,0.824953150963362,0.9128244602847052,1.0388229602411023,core,220308.6567427847,1.416538199991919,9.497682147108374e-10
28,3,1.1545149826852956,1.0376989741928357,1.0464935009697782,core,240837.03127789145,1.4344921999872895,3.6696270034787316e-10
29,4,0.8769542104993829,0.9189608981385213,0.9560602038213992,core,191981.98152245177,1.3698192999872845,1.01658232150156e-09
30,3,0.8494875946945546,0.9649722249278212,0.9595357472017044,core,209127.52466270296,1.3623878999933368,6.789958437170344e-10
31,4,1.0971884887817487,0.9825924978692196,1.0430332757195493,core,205730.4628783788,1.3298722999898018,3.458264276779334e-10
32,3,0.95943952216791,1.0649579224423018,1.0499874473891284,core,239813.4671704431,1.1794955000077607,3.7700895933676756e-10
33,4,1.0012022273034045,0.9950364511715638,1.000750468691419,core,190661.03899438432,0.9597027999989223,2.0421587276525817e-10
34,3,0.8185387786626757,0.9296977450749242,0.9862733836951477,core,232315.37543803538,1.1465243999991799,5.989904679646048e-10
35,4,1.1614836201800618,1.0969766362970874,0.9689350798315329,core,165544.65449680775,0.9662940999987768,2.9737653173237714e-10
36,3,0.8878944183503442,0.9965317983309165,0.9576061866686393,core,201289.9690369375,1.116119099999196,8.083480024327644e-10
37,4,1.009814627081321,1.050152316063095,1.0178931860867089,core,186583.94272224605,0.9866517999907956,1.8641059934743304e-10
38,3,1.0901669559280223,1.021921143794644,0.9509696840690399,core,189643.78532017168,1.088171000010334,3.221014772194835e-10
39,4,1.0426573173668647,0.9546335749652458,1.0423198571765535,core,211215.28045938813,1.3249897000059718,3.489849832505404e-10
40,3,0.8017505805571863,0.9940696598518546,0.984803083731331,core,218570.08302211968,1.164868199994089,6.860369540095927e-10
41,4,1.1735355662275122,1.0516500256513563,0.9592993395725347,core,169261.67628757187,1.0195183999894653,3.3213877462117695e-10
42,3,0.9116336311424718,0.9725709984632852,0.951012218264293,core,201699.76024653314,1.344195799989393,7.815408005000694e-10
43,4,1.1175818582651071,1.0875878254779219,1.041158239141663,core,187002.2040462805,1.2830815000052098,2.99354887087321e-10
44,3,1.0112163543489758,1.0447341173240128,0.9685598649789788,core,195849.6244500181,1.3095714999944903,4.4005233008914544e-10
45,4,0.803783385179929,1.0846993536957363,0.9919043358685099,core,176231.65288071742,1.1421237000031397,5.73741112123212e-10
46,3,0.8049257249390025,1.0538003843122012,0.9842462855072666,core,207303.92092722087,1.3597283999988576,8.067649123885832e-10
47,4,0.9314941047598566,1.079450445466109,1.0070696384625275,core,179631.0399408177,1.243043199996464,9.472927853201018e-10
48,3,0.8315251311717392,1.0458373603164792,0.9732608319988365,core,202215.98414639937,1.3583091000036802,8.311833875223213e-10
49,4,1.186829665350786,1.0621105591566486,0.9567372700944019,core,167060.60209254245,1.0271631000068737,3.2881517372230893e-10
50,3,0.9787050995745836,0.9796171230603196,1.0012506233872887,core,226891.26363975194,1.020540700003039,4.659971842043958e-10
51,4,1.05172677773232,1.021254587180149,0.9899937671650955,core,182866.76183604775,1.035821900004521,2.253247586529186e-10
52,3,0.9411849677156812,1.0862742485675048,1.0246465020422282,core,220320.80114861895,1.055999599993811,5.907401625530551e-10
53,4,0.9939658995771274,1.0131148371401493,0.9672526885486268,core,178183.00193735003,0.7602547999995295,2.0011934812822356e-10
54,3,0.9043721256790608,1.066014794871861,1.036777166356796,core,232244.93987974082,0.9193737000023248,5.376063723094074e-10
55,4,0.8369624622526639,0.9181466229997305,1.002670489123678,core,206924.86429056898,0.844535000011092,8.879063772670746e-10
56,3,1.1355608407789695,1.0566152399954873,0.9918987039784618,core,204207.66073886928,0.8302800999954343,3.457419271591252e-10
57,4,0.927187056604492,1.019499226041193,1.0454155203885866,core,200703.56873578764,0.8292349000112154,1.2088421938920274e-09
58,3,1.0412174747542364,0.9513400529747401,1.0281969549251144,core,249824.22177023778,0.9412862000026507,3.4578743932805324e-10
59,4,0.8412535013833163,0.9296068031588335,0.9710564494947752,core,194843.50818591184,0.8441090999986045,7.62441076729425e-10
60,3,0.9136641898729347,0.9104108933873389,0.9703136346238902,core,224856.75231582316,0.9853724999993574,5.496173466363023e-10
61,4,0.83623698032044,0.9028493618206802,1.0092481141710936,core,212233.89665280425,0.9806481999985408,9.946683912105913e-10
62,3,1.0216037156427025,1.020672852192123,0.9603477165752504,core,195630.06464802093,0.9224679000035394,3.2025015075520913e-10
63,4,1.070355659986864,1.0568955928050818,1.0335190275287454,core,189795.17303594758,0.8974679999955697,2.5200048059892155e-10
64,3,1.080119271986845,0.9038604361518185,0.9579436751800832,core,216316.39725432478,0.9994008999929065,4.396506097911112e-10
65,4,1.1922474667262433,1.0999427411021852,1.041821503445825,core,185004.75896061573,0.8785475000040606,4.143107221440676e-10
66,3,0.9183148852054276,0.9494516478516304,0.9564343821877862,core,208781.86270067596,1.0843566000112332,6.516435723057275e-10
67,4,0.8544242711673191,0.9559684471510224,0.9739637993252273,core,190797.55886484392,1.078983600003994,7.42255031808459e-10
68,3,0.9020345636570791,1.0223842028719925,0.9796455353971353,core,207751.89083433716,1.1707020999892848,8.947629008605703e-10
69,4,0.8470720461246661,1.0006188071253153,1.030853957614141,core,200181.11159034574,0.9635489000065718,7.258793474163021e-10
70,3,0.9866155168445685,1.0964088867236317,1.004666090908003,core,206421.9495960216,0.9520967999997083,4.118084002037971e-10
71,4,0.9489969678111849,0.9943516358563147,0.9746504219257046,core,183580.19928751618,0.8732872000109637,1.2146786744853545e-09
72,3,0.8619163206201989,1.0097279614757015,1.0311952640952349,core,241383.1815731293,1.0674044000043068,9.078857341252526e-10
73,4,1.063717687578307,1.025622809289107,0.980289974480607,core,179373.54089787218,0.8660926999873482,2.236782761794578e-10
74,3,0.8054025190640294,1.0563762453834122,1.043798942753353,core,241000.19574887026,1.0774230000097305,9.43943790116607e-10
75,4,1.0950202107012652,1.0852860753096782,0.9717214384553611,core,168189.41214037736,0.8208605000108946,2.0298996657309054e-10
76,3,1.114017235706478,1.046497099947885,0.989145701023299,core,204794.94093085182,0.9541181999957189,3.4869927388958476e-10
77,4,0.8427740219120694,1.0783704447242948,1.0160652402566324,core,183203.67280694144,0.8815273999935016,6.637511979903498e-10
78,3,0.8384540214418371,0.9261526734307207,1.0016287098261476,core,242072.25142551458,1.0271182999858866,6.495935351376317e-10
79,4,0.9218101027198681,1.086727165242789,0.9905349792451368,core,174200.31314609636,0.8079990999976872,8.594920856320128e-10
80,3,0.9221321185117685,0.953368032088952,0.9784062162159567,core,220062.59910450346,0.9921655999933137,7.000068303160534e-10
81,4,1.0630923856665362,0.9303123151265252,0.9520565081702305,core,187301.81797017026,0.8724370999989333,3.474146156672971e-10
82,3,1.1974298786657072,1.0903319852533107,0.9904430255228763,core,196879.76180272707,0.9032915999996476,4.183141816006574e-10
83,4,0.9766102448220615,0.9562357974484695,1.0307933160055731,core,207395.0124849043,0.9618317999993451,2.167925687125625e-10
84,3,1.0774159565069101,0.9718635154099284,1.0263153779969714,core,243150.65955356671,1.0686504000041168,3.3307613827308834e-10
85,4,1.08466785504256,0.9948609618249755,0.9618442393718053,core,178989.89094859068,0.8742181000125129,2.9496822838967703e-10
86,3,1.034793282054782,0.9490657065393625,0.9988815864473162,core,231277.7853176025,1.0232383999973536,8.259914366042396e-10
87,4,1.1426813962035436,0.9426066738485208,1.0490199130560516,core,215602.52562582423,0.9825033000088297,4.0990418603893826e-10
88,3,1.1078606590086624,1.040907707709467,0.9893894827372371,core,206024.06834633584,0.9491698999918299,3.425203465081603e-10
89,4,0.8298964565873506,1.0567781674857235,0.999525056695339,core,181981.2890399385,0.8941335999988951,5.848532049797801e-10
90,3,0.9657568459302567,1.019119413615462,1.0015742694274004,core,219227.59735069377,0.9020138999912888,4.45558520022415e-10
91,4,0.8522039172634708,1.0307984268109789,0.958057439807991,core,174426.80742055646,0.8607653000071878,5.642401238686735e-10
92,3,1.1080871613943704,1.084513998935014,0.9544060746604883,core,181050.50126387458,0.8877043999964371,3.5256480199250806e-10
93,4,1.1935289511374116,0.913370084853938,0.9757421542139336,core,197050.2910218903,0.9276482999994187,4.261476641519931e-10
94,3,0.9057618060468516,1.02909754325708,1.0313697572688025,core,236387.9801639722,1.0908537000068463,4.682981931397455e-10
95,4,1.0286417939269936,1.0173715614172363,0.9623387748549086,core,175946.28158340527,0.8607749000075273,2.1202141696080063e-10
96,3,0.914261733893443,1.073360063479776,0.9735733822626877,core,195634.72345073073,0.9514401000051294,4.860885425173718e-10
97,4,0.8851468223171098,1.088300247057031,1.0479964414867808,core,190469.9567458909,0.9096806000015931,8.696208730010011e-10
98,3,1.1731313782413635,0.949751827558527,1.0266023661990287,core,247712.67119432235,1.0548214000009466,3.336926490156115e-10
99,4,1.1828630870280445,1.0449929078990141,0.9612008890009874,core,170677.90402193175,0.8359471000003396,3.387830254383312e-10
100,3,0.9248180960120298,1.0112317680830951,0.9718098915366847,core,205109.17654723415,0.9572390999965137,4.483020499539785e-10
101,4,1.1978727695863258,0.9436181297820013,0.9765808825128857,core,191549.33592878777,0.9001446000038413,4.362586733461914e-10
102,3,0.8176440576391604,1.048695346995496,1.0196861877182375,core,227438.28607509323,1.0397969000041485,8.996157138370905e-10
103,4,1.0391739672546594,0.9097075653714732,0.9550895921220028,core,192145.30059390716,0.889002600000822,3.162354898247417e-10
104,3,0.7008728646221197,0.9974940648705061,0.9626440039064851,extrapolation,210099.45866736685,1.0217746999987867,1.2314303152213693e-09
105,4,1.144106283689684,0.8625356078417329,0.9724424785812326,extrapolation,206697.86788822204,0.9534322999970755,5.071522886275882e-10
106,3,0.8569752712105787,1.0665939970143454,0.9338610404886006,extrapolation,179810.60844475127,0.9158820000011474,8.35621954042222e-10
107,4,1.2966227645761805,0.9129131675947859,0.9945937678134226,extrapolation,202870.97116180763,0.9323592000000644,5.36059652397401e-10
108,3,1.0337475862251215,1.136799779680841,0.9923409092798684,extrapolation,192638.93907536071,0.9250827999931062,4.6409794730014643e-10
109,4,0.9872951940349117,0.9311130747680088,1.070985110384253,extrapolation,226647.1293083256,0.999965399998473,2.92290243829489e-10
110,3,0.7080743536169277,0.9516913163753048,0.9854393513881429,extrapolation,230873.17889434268,1.0716848000010941,1.010875826019417e-09
111,4,0.9629464035138271,0.8619837637330365,0.95110310684484,extrapolation,200934.44847944233,0.9523355000128504,2.0768308201494615e-10
112,3,1.0817444459163987,0.9312093157578882,0.9359342313151101,extrapolation,198632.1471310785,0.9278575000062119,1.0219381056464063e-09
113,4,1.281615903360522,1.0070475621775972,0.9956432080051569,extrapolation,185866.01468184064,0.8791065999976126,5.735693654666064e-10
114,3,0.9671497548313659,1.147158735294147,1.047078691038768,extrapolation,222047.70013842662,1.019976299998234,4.99423965383553e-10
115,4,1.1097174284587767,0.9767422640945519,1.0722613719058152,extrapolation,216858.77166238113,0.990256600009161,3.6984879893496717e-10
116,3,0.710353877260461,1.073252990621841,0.9761624000879192,extrapolation,203666.68571244602,0.9990787999995518,1.2134089361193703e-09
117,4,0.9962985242792347,0.8667565874597909,1.0123595700625874,extrapolation,220038.8873130094,0.9943522999965353,3.263393771524632e-10
118,3,0.9415717539798986,0.9634056863533972,0.929158694591722,extrapolation,191843.89018493023,0.9248263000044972,6.618902396933755e-10
119,4,1.2506237982129993,0.9493959489956257,1.033930283426596,extrapolation,208689.70055594514,0.951628199996776,5.880873501217199e-10
