kind,model,material,angle_deg,window,mask,q_um,status,diagnostic,relative_error,threshold,pass_recovery,runtime_s
synthetic,B,CAL,,W1,na,6.721366879454917,OK_CONDITIONAL,0.02262681688861432,0.34427337589098334,2.0,True,
synthetic,F,CAL,,W1,na,10.000901915395268,OK_CONDITIONAL,0.07247346761820812,1.0001803830790537,2.0,True,
synthetic,P,CAL,,W1,na,nan,BOUNDARY_SOLUTION,nan,nan,2.0,False,
synthetic,B,CAL,,W1,na,6.838320070777329,OK_CONDITIONAL,0.04396528400924312,0.36766401415546585,2.0,True,
synthetic,F,CAL,,W1,na,10.000901915395268,OK_CONDITIONAL,0.09657124118324467,1.0001803830790537,2.0,True,
synthetic,P,CAL,,W1,na,nan,BOUNDARY_SOLUTION,nan,nan,2.0,False,
synthetic,B,CAL,,W1,na,8.413065101402111,OK_CONDITIONAL,0.14283119844045106,0.6826130202804223,2.0,True,
synthetic,F,CAL,,W1,na,10.000901915395268,OK_CONDITIONAL,0.17596081128408936,1.0001803830790537,2.0,True,
synthetic,P,CAL,,W1,na,nan,BOUNDARY_SOLUTION,nan,nan,2.0,False,
synthetic,B,CAL,,W1,na,8.543825213439325,OK_CONDITIONAL,0.15060466637432124,0.708765042687865,2.0,True,
synthetic,F,CAL,,W1,na,10.000901915395268,OK_CONDITIONAL,0.17990165018446885,1.0001803830790537,2.0,True,
synthetic,P,CAL,,W1,na,nan,BOUNDARY_SOLUTION,nan,nan,2.0,False,
synthetic,B,CAL,,W1,na,3527.55237994083,OK_CONDITIONAL,0.7706743917309807,704.510475988166,2.0,False,
synthetic,F,CAL,,W1,na,10.000901915395268,OK_CONDITIONAL,0.1712645997811994,1.0001803830790537,2.0,True,
synthetic,P,CAL,,W1,na,nan,BOUNDARY_SOLUTION,nan,nan,2.0,False,
synthetic,B,CAL,,W1,na,3799.8365183337196,OK_CONDITIONAL,0.7365755502421284,758.9673036667439,2.0,False,
synthetic,F,CAL,,W1,na,10.000901915395268,OK_CONDITIONAL,0.07405635314649968,1.0001803830790537,2.0,True,
synthetic,P,CAL,,W1,na,nan,BOUNDARY_SOLUTION,nan,nan,2.0,False,
synthetic,B,CAL,,W1,na,3320.1536424676683,OK_CONDITIONAL,0.5415453071910282,663.0307284935336,2.0,False,
synthetic,F,CAL,,W1,na,10.000901915395268,OK_CONDITIONAL,0.11845747407074725,1.0001803830790537,2.0,True,
synthetic,P,CAL,,W1,na,nan,BOUNDARY_SOLUTION,nan,nan,2.0,False,
synthetic,B,CAL,,W1,na,2704.5198238067082,OK_CONDITIONAL,0.7149463241087347,539.9039647613416,2.0,False,
synthetic,F,CAL,,W1,na,10.000901915395268,OK_CONDITIONAL,0.06909593221828282,1.0001803830790537,2.0,True,
synthetic,P,CAL,,W1,na,nan,BOUNDARY_SOLUTION,nan,nan,2.0,False,
synthetic,B,CAL,,W1,na,3038.3080928791437,OK_CONDITIONAL,0.5782915075464823,606.6616185758287,2.0,False,
synthetic,F,CAL,,W1,na,10.000901915395268,OK_CONDITIONAL,0.17528873940295686,1.0001803830790537,2.0,True,
synthetic,P,CAL,,W1,na,nan,BOUNDARY_SOLUTION,nan,nan,2.0,False,
synthetic,B,CAL,,W1,na,3500.818145427238,OK_CONDITIONAL,0.6894430338402097,699.1636290854476,2.0,False,
synthetic,F,CAL,,W1,na,10.000901915395268,OK_CONDITIONAL,0.06987153005441465,1.0001803830790537,2.0,True,
synthetic,P,CAL,,W1,na,nan,BOUNDARY_SOLUTION,nan,nan,2.0,False,
synthetic,B,CAL,,W1,na,2599.3644319916507,OK_CONDITIONAL,0.6251035258092734,518.8728863983301,2.0,False,
synthetic,F,CAL,,W1,na,10.000901915395268,OK_CONDITIONAL,0.06946625162967954,1.0001803830790537,2.0,True,
synthetic,P,CAL,,W1,na,nan,BOUNDARY_SOLUTION,nan,nan,2.0,False,
synthetic,B,CAL,,W1,na,3594.273853422297,OK_CONDITIONAL,0.5885651365758938,717.8547706844595,2.0,False,
synthetic,F,CAL,,W1,na,10.000901915395268,OK_CONDITIONAL,0.0710885310615568,1.0001803830790537,2.0,True,
synthetic,P,CAL,,W1,na,nan,BOUNDARY_SOLUTION,nan,nan,2.0,False,
synthetic,B,CAL,,W1,na,10.44790835877656,OK_CONDITIONAL,0.1297670246743108,0.044790835877656046,1.0,True,
synthetic,F,CAL,,W1,na,10.000901915395268,OK_CONDITIONAL,0.462710200506804,9.019153952678493e-05,1.0,True,
synthetic,P,CAL,,W1,na,10.000901915395268,OK_CONDITIONAL,553.3406645997202,9.019153952678493e-05,1.0,True,
synthetic,B,CAL,,W1,na,9.783625049216987,OK_CONDITIONAL,0.04400124093066732,0.021637495078301327,1.0,True,
synthetic,F,CAL,,W1,na,10.000901915395268,OK_CONDITIONAL,0.4577572484781822,9.019153952678493e-05,1.0,True,
synthetic,P,CAL,,W1,na,10.000901915395268,OK_CONDITIONAL,553.1358354534573,9.019153952678493e-05,1.0,True,
synthetic,B,CAL,,W1,na,10.369384996587089,OK_CONDITIONAL,0.12003707706811725,0.03693849965870886,1.0,True,
synthetic,F,CAL,,W1,na,10.000901915395268,OK_CONDITIONAL,0.4620862812561985,9.019153952678493e-05,1.0,True,
synthetic,P,CAL,,W1,na,10.000901915395268,OK_CONDITIONAL,553.3189842334687,9.019153952678493e-05,1.0,True,
synthetic,B,CAL,,W1,na,10.7277790084142,OK_CONDITIONAL,0.1620688169636219,0.07277790084142008,1.0,True,
synthetic,F,CAL,,W1,na,10.000901915395268,OK_CONDITIONAL,0.46393936181614087,9.019153952678493e-05,1.0,True,
synthetic,P,CAL,,W1,na,10.000901915395268,OK_CONDITIONAL,553.3806429027102,9.019153952678493e-05,1.0,True,
synthetic,B,CAL,,W1,na,3448.9513530082368,OK_CONDITIONAL,0.5223634759768858,343.89513530082365,1.0,False,
synthetic,F,CAL,,W1,na,10.000901915395268,OK_CONDITIONAL,0.4601175215884178,9.019153952678493e-05,1.0,True,
synthetic,P,CAL,,W1,na,10.000901915395268,OK_CONDITIONAL,0.059087837482604974,9.019153952678493e-05,1.0,True,
synthetic,B,CAL,,W1,na,2806.5519074845483,OK_CONDITIONAL,0.9206656009489191,279.65519074845486,1.0,False,
synthetic,F,CAL,,W1,na,10.000901915395268,OK_CONDITIONAL,0.4637373081237328,9.019153952678493e-05,1.0,True,
synthetic,P,CAL,,W1,na,10.000901915395268,OK_CONDITIONAL,0.07166479063539691,9.019153952678493e-05,1.0,True,
synthetic,B,CAL,,W1,na,1795.4455687539403,OK_CONDITIONAL,0.8529436040762869,178.54455687539402,1.0,False,
synthetic,F,CAL,,W1,na,10.000901915395268,OK_CONDITIONAL,0.4601971103518671,9.019153952678493e-05,1.0,True,
synthetic,P,CAL,,W1,na,10.000901915395268,OK_CONDITIONAL,0.06354982213596708,9.019153952678493e-05,1.0,True,
synthetic,B,CAL,,W1,na,2025.943619751886,OK_CONDITIONAL,0.8715409485661911,201.5943619751886,1.0,False,
synthetic,F,CAL,,W1,na,10.000901915395268,OK_CONDITIONAL,0.4597060602098342,9.019153952678493e-05,1.0,True,
synthetic,P,CAL,,W1,na,10.000901915395268,OK_CONDITIONAL,0.06201977441300192,9.019153952678493e-05,1.0,True,
synthetic,B,CAL,,W1,na,2960.878326740997,OK_CONDITIONAL,0.5570168120623067,295.08783267409973,1.0,False,
synthetic,F,CAL,,W1,na,10.000901915395268,OK_CONDITIONAL,0.46077530713491804,9.019153952678493e-05,1.0,True,
synthetic,P,CAL,,W1,na,10.000901915395268,OK_CONDITIONAL,0.012084153760775434,9.019153952678493e-05,1.0,True,
synthetic,B,CAL,,W1,na,3051.600666062198,OK_CONDITIONAL,0.5421850880857514,304.1600666062198,1.0,False,
synthetic,F,CAL,,W1,na,10.000901915395268,OK_CONDITIONAL,0.4631637507440489,9.019153952678493e-05,1.0,True,
synthetic,P,CAL,,W1,na,10.000901915395268,OK_CONDITIONAL,0.011005193311274902,9.019153952678493e-05,1.0,True,
synthetic,B,CAL,,W1,na,2426.812553501232,OK_CONDITIONAL,0.6482667003743818,241.6812553501232,1.0,False,
synthetic,F,CAL,,W1,na,10.000901915395268,OK_CONDITIONAL,0.4624869253629747,9.019153952678493e-05,1.0,True,
synthetic,P,CAL,,W1,na,10.000901915395268,OK_CONDITIONAL,0.011392191541635897,9.019153952678493e-05,1.0,True,
synthetic,B,CAL,,W1,na,2993.9191896716848,OK_CONDITIONAL,0.816179894441241,298.39191896716846,1.0,False,
synthetic,F,CAL,,W1,na,10.000901915395268,OK_CONDITIONAL,0.46224552647247336,9.019153952678493e-05,1.0,True,
synthetic,P,CAL,,W1,na,10.000901915395268,OK_CONDITIONAL,0.011392359647709937,9.019153952678493e-05,1.0,True,
synthetic,B,CAL,,W1,na,20.397370359328924,OK_CONDITIONAL,0.07261703801422602,0.01986851796644622,0.5,True,
synthetic,F,CAL,,W1,na,20.001803830790536,OK_CONDITIONAL,0.49765038678812645,9.019153952678493e-05,0.5,True,
synthetic,P,CAL,,W1,na,20.001803830790536,OK_CONDITIONAL,553.4219264785673,9.019153952678493e-05,0.5,True,
synthetic,B,CAL,,W1,na,19.84304440079337,OK_CONDITIONAL,0.05974753005586439,0.007847779960331458,0.5,True,
synthetic,F,CAL,,W1,na,20.001803830790536,OK_CONDITIONAL,0.4981152924438961,9.019153952678493e-05,0.5,True,
synthetic,P,CAL,,W1,na,20.001803830790536,OK_CONDITIONAL,553.3368174214698,9.019153952678493e-05,0.5,True,
synthetic,B,CAL,,W1,na,20.114041973462268,OK_CONDITIONAL,0.03382451789489904,0.005702098673113376,0.5,True,
synthetic,F,CAL,,W1,na,20.001803830790536,OK_CONDITIONAL,0.49896207270619886,9.019153952678493e-05,0.5,True,
synthetic,P,CAL,,W1,na,20.001803830790536,OK_CONDITIONAL,553.1756763808581,9.019153952678493e-05,0.5,True,
synthetic,B,CAL,,W1,na,19.791164525004334,OK_CONDITIONAL,0.06403385784750328,0.010441773749783324,0.5,True,
synthetic,F,CAL,,W1,na,20.001803830790536,OK_CONDITIONAL,0.4979395188172702,9.019153952678493e-05,0.5,True,
synthetic,P,CAL,,W1,na,20.001803830790536,OK_CONDITIONAL,553.3692666861722,9.019153952678493e-05,0.5,True,
synthetic,B,CAL,,W1,na,3518.266833810832,OK_CONDITIONAL,0.9935224606464482,174.91334169054159,0.5,False,
synthetic,F,CAL,,W1,na,20.001803830790536,OK_CONDITIONAL,0.4986333883068773,9.019153952678493e-05,0.5,True,
synthetic,P,CAL,,W1,na,20.001803830790536,OK_CONDITIONAL,0.3068757390351376,9.019153952678493e-05,0.5,True,
synthetic,B,CAL,,W1,na,1329.607574058567,OK_CONDITIONAL,0.9690364923219139,65.48037870292835,0.5,False,
synthetic,F,CAL,,W1,na,20.001803830790536,OK_CONDITIONAL,0.49880783720328364,9.019153952678493e-05,0.5,True,
synthetic,P,CAL,,W1,na,20.001803830790536,OK_CONDITIONAL,0.2802323831044676,9.019153952678493e-05,0.5,True,
synthetic,B,CAL,,W1,na,3359.885555854273,OK_CONDITIONAL,0.6275140264018989,166.99427779271366,0.5,False,
synthetic,F,CAL,,W1,na,20.001803830790536,OK_CONDITIONAL,0.49802188188284996,9.019153952678493e-05,0.5,True,
synthetic,P,CAL,,W1,na,20.001803830790536,OK_CONDITIONAL,0.3000447379084614,9.019153952678493e-05,0.5,True,
synthetic,B,CAL,,W1,na,21.033478148906912,OK_CONDITIONAL,0.11226713509789592,0.05167390744534561,0.5,True,
synthetic,F,CAL,,W1,na,20.001803830790536,OK_CONDITIONAL,0.5006226000516611,9.019153952678493e-05,0.5,True,
synthetic,P,CAL,,W1,na,20.001803830790536,OK_CONDITIONAL,0.28124020311150605,9.019153952678493e-05,0.5,True,
synthetic,B,CAL,,W1,na,2701.75618673969,OK_CONDITIONAL,0.5161683819756241,134.0878093369845,0.5,False,
synthetic,F,CAL,,W1,na,20.001803830790536,OK_CONDITIONAL,0.4991603449838384,9.019153952678493e-05,0.5,True,
synthetic,P,CAL,,W1,na,20.001803830790536,OK_CONDITIONAL,0.04441124182709033,9.019153952678493e-05,0.5,True,
synthetic,B,CAL,,W1,na,2620.8205466812074,OK_CONDITIONAL,0.7236058301119058,130.04102733406037,0.5,False,
synthetic,F,CAL,,W1,na,20.001803830790536,OK_CONDITIONAL,0.4971588795841413,9.019153952678493e-05,0.5,True,
synthetic,P,CAL,,W1,na,20.001803830790536,OK_CONDITIONAL,0.04588753496096026,9.019153952678493e-05,0.5,True,
synthetic,B,CAL,,W1,na,2043.7095451511059,OK_CONDITIONAL,0.5453987813700335,101.18547725755529,0.5,False,
synthetic,F,CAL,,W1,na,20.001803830790536,OK_CONDITIONAL,0.4978361969573438,9.019153952678493e-05,0.5,True,
synthetic,P,CAL,,W1,na,20.001803830790536,OK_CONDITIONAL,0.049955318803193545,9.019153952678493e-05,0.5,True,
synthetic,B,CAL,,W1,na,3874.8890330246645,OK_CONDITIONAL,0.4648330925718293,192.74445165123322,0.5,False,
synthetic,F,CAL,,W1,na,20.001803830790536,OK_CONDITIONAL,0.49944009330732875,9.019153952678493e-05,0.5,True,
synthetic,P,CAL,,W1,na,20.001803830790536,OK_CONDITIONAL,0.04424317908465945,9.019153952678493e-05,0.5,True,
synthetic,B,CAL,,W1,na,40.19060015790242,OK_CONDITIONAL,0.037988269177045134,0.004765003947560587,0.25,True,
synthetic,F,CAL,,W1,na,40.00360766158107,OK_CONDITIONAL,0.5006050693448549,9.019153952678493e-05,0.25,True,
synthetic,P,CAL,,W1,na,40.00360766158107,OK_CONDITIONAL,553.3729129102875,9.019153952678493e-05,0.25,True,
synthetic,B,CAL,,W1,na,40.19060075547639,OK_CONDITIONAL,0.03798249811637657,0.004765018886909722,0.25,True,
synthetic,F,CAL,,W1,na,40.00360766158107,OK_CONDITIONAL,0.5006051193772718,9.019153952678493e-05,0.25,True,
synthetic,P,CAL,,W1,na,40.00360766158107,OK_CONDITIONAL,553.3728451976436,9.019153952678493e-05,0.25,True,
synthetic,B,CAL,,W1,na,39.83229400402042,OK_CONDITIONAL,0.0370808851792934,0.004192649899489531,0.25,True,
synthetic,F,CAL,,W1,na,40.00360766158107,OK_CONDITIONAL,0.5006078165057584,9.019153952678493e-05,0.25,True,
synthetic,P,CAL,,W1,na,40.00360766158107,OK_CONDITIONAL,553.3692127622835,9.019153952678493e-05,0.25,True,
synthetic,B,CAL,,W1,na,39.85702803231558,OK_CONDITIONAL,0.0358076396628952,0.0035742991921104304,0.25,True,
synthetic,F,CAL,,W1,na,40.00360766158107,OK_CONDITIONAL,0.5006196901941342,9.019153952678493e-05,0.25,True,
synthetic,P,CAL,,W1,na,40.00360766158107,OK_CONDITIONAL,553.3532078708471,9.019153952678493e-05,0.25,True,
synthetic,B,CAL,,W1,na,40.382792637818,OK_CONDITIONAL,0.027047388282431466,0.009569815945449988,0.25,True,
synthetic,F,CAL,,W1,na,40.00360766158107,OK_CONDITIONAL,0.5010472643696816,9.019153952678493e-05,0.25,True,
synthetic,P,CAL,,W1,na,40.00360766158107,OK_CONDITIONAL,1.2077169915798358,9.019153952678493e-05,0.25,True,
synthetic,B,CAL,,W1,na,41.04394508406005,OK_CONDITIONAL,0.0382882605072856,0.026098627101501216,0.25,True,
synthetic,F,CAL,,W1,na,40.00360766158107,OK_CONDITIONAL,0.5000010302316771,9.019153952678493e-05,0.25,True,
synthetic,P,CAL,,W1,na,40.00360766158107,OK_CONDITIONAL,1.2121919015131224,9.019153952678493e-05,0.25,True,
synthetic,B,CAL,,W1,na,40.029290589875764,OK_CONDITIONAL,0.009124838473367276,0.0007322647468940957,0.25,True,
synthetic,F,CAL,,W1,na,40.00360766158107,OK_CONDITIONAL,0.5005422824847346,9.019153952678493e-05,0.25,True,
synthetic,P,CAL,,W1,na,40.00360766158107,OK_CONDITIONAL,1.13524076768054,9.019153952678493e-05,0.25,True,
synthetic,B,CAL,,W1,na,40.42809943790564,OK_CONDITIONAL,0.01773488664386916,0.010702485947640917,0.25,True,
synthetic,F,CAL,,W1,na,40.00360766158107,OK_CONDITIONAL,0.5009805302713238,9.019153952678493e-05,0.25,True,
synthetic,P,CAL,,W1,na,40.00360766158107,OK_CONDITIONAL,1.1017021021045614,9.019153952678493e-05,0.25,True,
synthetic,B,CAL,,W1,na,1404.3984528283086,OK_CONDITIONAL,0.9611604946293221,34.10996132070771,0.25,False,
synthetic,F,CAL,,W1,na,40.00360766158107,OK_CONDITIONAL,0.5007396803526046,9.019153952678493e-05,0.25,True,
synthetic,P,CAL,,W1,na,40.00360766158107,OK_CONDITIONAL,0.18997095155450355,9.019153952678493e-05,0.25,True,
synthetic,B,CAL,,W1,na,2961.2868117919616,OK_CONDITIONAL,0.7788786124057835,73.03217029479904,0.25,False,
synthetic,F,CAL,,W1,na,40.00360766158107,OK_CONDITIONAL,0.5023369853432346,9.019153952678493e-05,0.25,True,
synthetic,P,CAL,,W1,na,40.00360766158107,OK_CONDITIONAL,0.18997354381351217,9.019153952678493e-05,0.25,True,
synthetic,B,CAL,,W1,na,2441.0294781602215,OK_CONDITIONAL,0.7896207394795494,60.02573695400554,0.25,False,
synthetic,F,CAL,,W1,na,40.00360766158107,OK_CONDITIONAL,0.5009977710050452,9.019153952678493e-05,0.25,True,
synthetic,P,CAL,,W1,na,40.00360766158107,OK_CONDITIONAL,0.1914177106995268,9.019153952678493e-05,0.25,True,
synthetic,B,CAL,,W1,na,1503.3962553944402,OK_CONDITIONAL,0.8759369589649427,36.58490638486101,0.25,False,
synthetic,F,CAL,,W1,na,40.00360766158107,OK_CONDITIONAL,0.500098846473304,9.019153952678493e-05,0.25,True,
synthetic,P,CAL,,W1,na,40.00360766158107,OK_CONDITIONAL,0.18072408664073583,9.019153952678493e-05,0.25,True,
synthetic,B,CAL,,W2,na,7.694991640828182,OK_CONDITIONAL,0.0632812435424603,0.5389983281656365,1.6666666666666667,True,
synthetic,F,CAL,,W2,na,8.333408910677107,OK_CONDITIONAL,0.2186977153644766,0.6666817821354215,1.6666666666666667,True,
synthetic,P,CAL,,W2,na,nan,BOUNDARY_SOLUTION,nan,nan,1.6666666666666667,False,
synthetic,B,CAL,,W2,na,7.060462482096285,OK_CONDITIONAL,0.12266964808438105,0.412092496419257,1.6666666666666667,True,
synthetic,F,CAL,,W2,na,8.333408910677107,OK_CONDITIONAL,0.20425988076643337,0.6666817821354215,1.6666666666666667,True,
synthetic,P,CAL,,W2,na,nan,BOUNDARY_SOLUTION,nan,nan,1.6666666666666667,False,
synthetic,B,CAL,,W2,na,5.708937399088016,OK_CONDITIONAL,0.004950873183065747,0.14178747981760315,1.6666666666666667,True,
synthetic,F,CAL,,W2,na,8.333408910677107,OK_CONDITIONAL,0.10767515066427175,0.6666817821354215,1.6666666666666667,True,
synthetic,P,CAL,,W2,na,nan,BOUNDARY_SOLUTION,nan,nan,1.6666666666666667,False,
synthetic,B,CAL,,W2,na,6.011357932301437,OK_CONDITIONAL,0.0427977093523623,0.20227158646028745,1.6666666666666667,True,
synthetic,F,CAL,,W2,na,8.333408910677107,OK_CONDITIONAL,0.1531577615196034,0.6666817821354215,1.6666666666666667,True,
synthetic,P,CAL,,W2,na,nan,BOUNDARY_SOLUTION,nan,nan,1.6666666666666667,False,
synthetic,B,CAL,,W2,na,3329.9124715647044,OK_CONDITIONAL,0.5289845461046327,664.9824943129408,1.6666666666666667,False,
synthetic,F,CAL,,W2,na,8.333408910677107,OK_CONDITIONAL,0.19914463201976737,0.6666817821354215,1.6666666666666667,True,
synthetic,P,CAL,,W2,na,nan,BOUNDARY_SOLUTION,nan,nan,1.6666666666666667,False,
synthetic,B,CAL,,W2,na,3085.53984533408,OK_CONDITIONAL,0.6923994742129833,616.1079690668159,1.6666666666666667,False,
synthetic,F,CAL,,W2,na,8.333408910677107,OK_CONDITIONAL,0.2195793179351946,0.6666817821354215,1.6666666666666667,True,
synthetic,P,CAL,,W2,na,nan,BOUNDARY_SOLUTION,nan,nan,1.6666666666666667,False,
synthetic,B,CAL,,W2,na,3260.690123768551,OK_CONDITIONAL,0.36663151572883934,651.1380247537102,1.6666666666666667,False,
synthetic,F,CAL,,W2,na,8.333408910677107,OK_CONDITIONAL,0.1252390824982955,0.6666817821354215,1.6666666666666667,True,
synthetic,P,CAL,,W2,na,nan,BOUNDARY_SOLUTION,nan,nan,1.6666666666666667,False,
synthetic,B,CAL,,W2,na,4022.8372133198886,OK_CONDITIONAL,0.7371704684022844,803.5674426639778,1.6666666666666667,False,
synthetic,F,CAL,,W2,na,8.333408910677107,OK_CONDITIONAL,0.22085131717874337,0.6666817821354215,1.6666666666666667,True,
synthetic,P,CAL,,W2,na,nan,BOUNDARY_SOLUTION,nan,nan,1.6666666666666667,False,
synthetic,B,CAL,,W2,na,3221.480491756055,OK_CONDITIONAL,0.5839555880834567,643.296098351211,1.6666666666666667,False,
synthetic,F,CAL,,W2,na,8.333408910677107,OK_CONDITIONAL,0.1061325787512146,0.6666817821354215,1.6666666666666667,True,
synthetic,P,CAL,,W2,na,nan,BOUNDARY_SOLUTION,nan,nan,1.6666666666666667,False,
synthetic,B,CAL,,W2,na,3460.920725906493,OK_CONDITIONAL,0.6169734958545742,691.1841451812986,1.6666666666666667,False,
synthetic,F,CAL,,W2,na,8.333408910677107,OK_CONDITIONAL,0.11924953629985054,0.6666817821354215,1.6666666666666667,True,
synthetic,P,CAL,,W2,na,nan,BOUNDARY_SOLUTION,nan,nan,1.6666666666666667,False,
synthetic,B,CAL,,W2,na,3593.9407437205996,OK_CONDITIONAL,0.6576719290153844,717.7881487441199,1.6666666666666667,False,
synthetic,F,CAL,,W2,na,8.333408910677107,OK_CONDITIONAL,0.1751325545274841,0.6666817821354215,1.6666666666666667,True,
synthetic,P,CAL,,W2,na,nan,BOUNDARY_SOLUTION,nan,nan,1.6666666666666667,False,
synthetic,B,CAL,,W2,na,3366.0028400582582,OK_CONDITIONAL,0.5354077612855745,672.2005680116516,1.6666666666666667,False,
synthetic,F,CAL,,W2,na,8.333408910677107,OK_CONDITIONAL,0.10347651324333962,0.6666817821354215,1.6666666666666667,True,
synthetic,P,CAL,,W2,na,nan,BOUNDARY_SOLUTION,nan,nan,1.6666666666666667,False,
synthetic,B,CAL,,W2,na,10.017548021360152,OK_CONDITIONAL,0.09752514788110589,0.0017548021360152433,0.8333333333333334,True,
synthetic,F,CAL,,W2,na,8.333408910677107,OK_CONDITIONAL,0.7650972296366165,0.16665910893228925,0.8333333333333334,True,
synthetic,P,CAL,,W2,na,9.99592398835719,OK_CONDITIONAL,18.784096762359443,0.0004076011642810684,0.8333333333333334,True,
synthetic,B,CAL,,W2,na,9.880254885769242,OK_CONDITIONAL,0.08800176446088988,0.011974511423075818,0.8333333333333334,True,
synthetic,F,CAL,,W2,na,8.333408910677107,OK_CONDITIONAL,0.7556778599769564,0.16665910893228925,0.8333333333333334,True,
synthetic,P,CAL,,W2,na,9.99592398835719,OK_CONDITIONAL,18.77846939557937,0.0004076011642810684,0.8333333333333334,True,
synthetic,B,CAL,,W2,na,10.024718903621311,OK_CONDITIONAL,0.01435453235042636,0.002471890362131113,0.8333333333333334,True,
synthetic,F,CAL,,W2,na,8.333408910677107,OK_CONDITIONAL,0.8547438617375811,0.16665910893228925,0.8333333333333334,True,
synthetic,P,CAL,,W2,na,9.99592398835719,OK_CONDITIONAL,18.837349568989147,0.0004076011642810684,0.8333333333333334,True,
synthetic,B,CAL,,W2,na,9.852409846801773,OK_CONDITIONAL,0.08542036799690754,0.014759015319822665,0.8333333333333334,True,
synthetic,F,CAL,,W2,na,8.333408910677107,OK_CONDITIONAL,0.7548406909715916,0.16665910893228925,0.8333333333333334,True,
synthetic,P,CAL,,W2,na,9.99592398835719,OK_CONDITIONAL,18.777969191587214,0.0004076011642810684,0.8333333333333334,True,
synthetic,B,CAL,,W2,na,2867.068928374793,OK_CONDITIONAL,0.6475670967638285,285.7068928374793,0.8333333333333334,False,
synthetic,F,CAL,,W2,na,8.333408910677107,OK_CONDITIONAL,0.7733807891507136,0.16665910893228925,0.8333333333333334,True,
synthetic,P,CAL,,W2,na,9.99592398835719,OK_CONDITIONAL,0.059714968964785044,0.0004076011642810684,0.8333333333333334,True,
synthetic,B,CAL,,W2,na,4122.1300931421065,OK_CONDITIONAL,0.7606306281901145,411.21300931421064,0.8333333333333334,False,
synthetic,F,CAL,,W2,na,8.333408910677107,OK_CONDITIONAL,0.7629803857669917,0.16665910893228925,0.8333333333333334,True,
synthetic,P,CAL,,W2,na,9.99592398835719,OK_CONDITIONAL,0.06741444277442352,0.0004076011642810684,0.8333333333333334,True,
synthetic,B,CAL,,W2,na,3235.205916313083,OK_CONDITIONAL,0.5983864420921832,322.5205916313083,0.8333333333333334,False,
synthetic,F,CAL,,W2,na,8.333408910677107,OK_CONDITIONAL,0.7612705608704349,0.16665910893228925,0.8333333333333334,True,
synthetic,P,CAL,,W2,na,9.99592398835719,OK_CONDITIONAL,0.06408547743989418,0.0004076011642810684,0.8333333333333334,True,
synthetic,B,CAL,,W2,na,3366.7262025205096,OK_CONDITIONAL,0.6264344212822092,335.67262025205093,0.8333333333333334,False,
synthetic,F,CAL,,W2,na,8.333408910677107,OK_CONDITIONAL,0.7674180047463516,0.16665910893228925,0.8333333333333334,True,
synthetic,P,CAL,,W2,na,9.99592398835719,OK_CONDITIONAL,0.06397761639250693,0.0004076011642810684,0.8333333333333334,True,
synthetic,B,CAL,,W2,na,3422.773250950687,OK_CONDITIONAL,0.7994877463642928,341.2773250950687,0.8333333333333334,False,
synthetic,F,CAL,,W2,na,8.333408910677107,OK_CONDITIONAL,0.7606721696694512,0.16665910893228925,0.8333333333333334,True,
synthetic,P,CAL,,W2,na,10.008424101723206,OK_CONDITIONAL,0.010589755179758848,0.0008424101723205624,0.8333333333333334,True,
synthetic,B,CAL,,W2,na,3051.80169790926,OK_CONDITIONAL,0.7211233379919992,304.180169790926,0.8333333333333334,False,
synthetic,F,CAL,,W2,na,8.333408910677107,OK_CONDITIONAL,0.8028656511752071,0.16665910893228925,0.8333333333333334,True,
synthetic,P,CAL,,W2,na,9.99592398835719,OK_CONDITIONAL,0.009723032735018834,0.0004076011642810684,0.8333333333333334,True,
synthetic,B,CAL,,W2,na,2912.1064102895193,OK_CONDITIONAL,0.5031031153257792,290.21064102895195,0.8333333333333334,False,
synthetic,F,CAL,,W2,na,8.333408910677107,OK_CONDITIONAL,0.8195051516623986,0.16665910893228925,0.8333333333333334,True,
synthetic,P,CAL,,W2,na,9.99592398835719,OK_CONDITIONAL,0.009421863950532097,0.0004076011642810684,0.8333333333333334,True,
synthetic,B,CAL,,W2,na,3022.584159780013,OK_CONDITIONAL,0.7407511488692539,301.2584159780013,0.8333333333333334,False,
synthetic,F,CAL,,W2,na,8.333408910677107,OK_CONDITIONAL,0.7544313097379527,0.16665910893228925,0.8333333333333334,True,
synthetic,P,CAL,,W2,na,9.99592398835719,OK_CONDITIONAL,0.01007660418668512,0.0004076011642810684,0.8333333333333334,True,
synthetic,B,CAL,,W2,na,19.99287535178153,OK_CONDITIONAL,0.04411851024455241,0.0003562324109234183,0.4166666666666667,True,
synthetic,F,CAL,,W2,na,20.83352227669277,OK_CONDITIONAL,0.6654748383179503,0.04167611383463843,0.4166666666666667,True,
synthetic,P,CAL,,W2,na,19.98976462448671,OK_CONDITIONAL,18.62345938688789,0.0005117687756644784,0.4166666666666667,True,
synthetic,B,CAL,,W2,na,20.148060785643054,OK_CONDITIONAL,0.025435453763887214,0.00740303928215269,0.4166666666666667,True,
synthetic,F,CAL,,W2,na,20.83352227669277,OK_CONDITIONAL,0.6679164092234466,0.04167611383463843,0.4166666666666667,True,
synthetic,P,CAL,,W2,na,19.98976462448671,OK_CONDITIONAL,18.659106223907397,0.0005117687756644784,0.4166666666666667,True,
synthetic,B,CAL,,W2,na,19.876166604011328,OK_CONDITIONAL,0.027992319194549677,0.006191669799433619,0.4166666666666667,True,
synthetic,F,CAL,,W2,na,20.83352227669277,OK_CONDITIONAL,0.6661105369692987,0.04167611383463843,0.4166666666666667,True,
synthetic,P,CAL,,W2,na,19.98976462448671,OK_CONDITIONAL,18.6338130486926,0.0005117687756644784,0.4166666666666667,True,
synthetic,B,CAL,,W2,na,20.11247168430773,OK_CONDITIONAL,0.02175654522370744,0.005623584215386579,0.4166666666666667,True,
synthetic,F,CAL,,W2,na,20.83352227669277,OK_CONDITIONAL,0.6677696476820228,0.04167611383463843,0.4166666666666667,True,
synthetic,P,CAL,,W2,na,19.98976462448671,OK_CONDITIONAL,18.657247952079093,0.0005117687756644784,0.4166666666666667,True,
synthetic,B,CAL,,W2,na,1723.8844199825069,OK_CONDITIONAL,0.9479132572558392,85.19422099912535,0.4166666666666667,False,
synthetic,F,CAL,,W2,na,20.83352227669277,OK_CONDITIONAL,0.6655697340053612,0.04167611383463843,0.4166666666666667,True,
synthetic,P,CAL,,W2,na,19.98976462448671,OK_CONDITIONAL,0.41686688094689844,0.0005117687756644784,0.4166666666666667,True,
synthetic,B,CAL,,W2,na,19.821696838293065,OK_CONDITIONAL,0.0473465657593339,0.008915158085346774,0.4166666666666667,True,
synthetic,F,CAL,,W2,na,20.83352227669277,OK_CONDITIONAL,0.6647484194715859,0.04167611383463843,0.4166666666666667,True,
synthetic,P,CAL,,W2,na,19.98976462448671,OK_CONDITIONAL,0.40434826178238253,0.0005117687756644784,0.4166666666666667,True,
synthetic,B,CAL,,W2,na,3136.7825133449696,OK_CONDITIONAL,0.7010697282917694,155.83912566724848,0.4166666666666667,False,
synthetic,F,CAL,,W2,na,20.83352227669277,OK_CONDITIONAL,0.6671184731370575,0.04167611383463843,0.4166666666666667,True,
synthetic,P,CAL,,W2,na,19.98976462448671,OK_CONDITIONAL,0.46844000320323465,0.0005117687756644784,0.4166666666666667,True,
synthetic,B,CAL,,W2,na,21.018727161822618,OK_CONDITIONAL,0.12492905151651924,0.05093635809113088,0.4166666666666667,True,
synthetic,F,CAL,,W2,na,20.83352227669277,OK_CONDITIONAL,0.6645601395552265,0.04167611383463843,0.4166666666666667,True,
synthetic,P,CAL,,W2,na,19.98976462448671,OK_CONDITIONAL,0.4368569316683412,0.0005117687756644784,0.4166666666666667,True,
synthetic,B,CAL,,W2,na,3195.177514387211,OK_CONDITIONAL,0.7771912709936085,158.75887571936056,0.4166666666666667,False,
synthetic,F,CAL,,W2,na,20.83352227669277,OK_CONDITIONAL,0.6662042523510169,0.04167611383463843,0.4166666666666667,True,
synthetic,P,CAL,,W2,na,19.98976462448671,OK_CONDITIONAL,0.07783644844193391,0.0005117687756644784,0.4166666666666667,True,
synthetic,B,CAL,,W2,na,2895.403526549999,OK_CONDITIONAL,0.6233232715096266,143.77017632749994,0.4166666666666667,False,
synthetic,F,CAL,,W2,na,20.83352227669277,OK_CONDITIONAL,0.6669941812646762,0.04167611383463843,0.4166666666666667,True,
synthetic,P,CAL,,W2,na,19.98976462448671,OK_CONDITIONAL,0.07000398302097223,0.0005117687756644784,0.4166666666666667,True,
synthetic,B,CAL,,W2,na,3780.17576507529,OK_CONDITIONAL,0.7534637302149012,188.00878825376452,0.4166666666666667,False,
synthetic,F,CAL,,W2,na,20.83352227669277,OK_CONDITIONAL,0.6650964727223649,0.04167611383463843,0.4166666666666667,True,
synthetic,P,CAL,,W2,na,19.98976462448671,OK_CONDITIONAL,0.06617711110164755,0.0005117687756644784,0.4166666666666667,True,
synthetic,B,CAL,,W2,na,3063.281857619668,OK_CONDITIONAL,0.8190520189255737,152.1640928809834,0.4166666666666667,False,
synthetic,F,CAL,,W2,na,20.83352227669277,OK_CONDITIONAL,0.6650535575731702,0.04167611383463843,0.4166666666666667,True,
synthetic,P,CAL,,W2,na,20.02101490790175,OK_CONDITIONAL,0.07056500036204999,0.00105074539508756,0.4166666666666667,True,
synthetic,B,CAL,,W2,na,39.961153880500184,OK_CONDITIONAL,0.01431082010845102,0.0009711529874953939,0.20833333333333334,True,
synthetic,F,CAL,,W2,na,41.66704455338554,OK_CONDITIONAL,0.8752191036644025,0.04167611383463843,0.20833333333333334,True,
synthetic,P,CAL,,W2,na,39.97952924897342,OK_CONDITIONAL,18.643724290755976,0.0005117687756644784,0.20833333333333334,True,
synthetic,B,CAL,,W2,na,40.00355701158045,OK_CONDITIONAL,0.013700113864801978,8.892528951118806e-05,0.20833333333333334,True,
synthetic,F,CAL,,W2,na,41.66704455338554,OK_CONDITIONAL,0.8752216432914571,0.04167611383463843,0.20833333333333334,True,
synthetic,P,CAL,,W2,na,39.97952924897342,OK_CONDITIONAL,18.646307521057466,0.0005117687756644784,0.20833333333333334,True,
synthetic,B,CAL,,W2,na,40.146374341062526,OK_CONDITIONAL,0.029784958489649373,0.003659358526563139,0.20833333333333334,True,
synthetic,F,CAL,,W2,na,41.66704455338554,OK_CONDITIONAL,0.875179140718719,0.04167611383463843,0.20833333333333334,True,
synthetic,P,CAL,,W2,na,39.97952924897342,OK_CONDITIONAL,18.605260871489453,0.0005117687756644784,0.20833333333333334,True,
synthetic,B,CAL,,W2,na,39.9424476884022,OK_CONDITIONAL,0.008728910803498215,0.0014388077899450736,0.20833333333333334,True,
synthetic,F,CAL,,W2,na,41.66704455338554,OK_CONDITIONAL,0.8752364543255505,0.04167611383463843,0.20833333333333334,True,
synthetic,P,CAL,,W2,na,39.97952924897342,OK_CONDITIONAL,18.661729273443566,0.0005117687756644784,0.20833333333333334,True,
synthetic,B,CAL,,W2,na,40.12306685378492,OK_CONDITIONAL,0.010845429538234422,0.003076671344622994,0.20833333333333334,True,
synthetic,F,CAL,,W2,na,41.66704455338554,OK_CONDITIONAL,0.8763003210061591,0.04167611383463843,0.20833333333333334,True,
synthetic,P,CAL,,W2,na,39.97952924897342,OK_CONDITIONAL,1.6474139014879374,0.0005117687756644784,0.20833333333333334,True,
synthetic,B,CAL,,W2,na,41.03549237528363,OK_CONDITIONAL,0.05348729098238853,0.025887309382090783,0.20833333333333334,True,
synthetic,F,CAL,,W2,na,41.66704455338554,OK_CONDITIONAL,0.8755431304128029,0.04167611383463843,0.20833333333333334,True,
synthetic,P,CAL,,W2,na,39.97952924897342,OK_CONDITIONAL,1.8195031289549748,0.0005117687756644784,0.20833333333333334,True,
synthetic,B,CAL,,W2,na,40.18760264268082,OK_CONDITIONAL,0.009251521439161553,0.00469006606702056,0.20833333333333334,True,
synthetic,F,CAL,,W2,na,41.66704455338554,OK_CONDITIONAL,0.8754861837337685,0.04167611383463843,0.20833333333333334,True,
synthetic,P,CAL,,W2,na,39.97952924897342,OK_CONDITIONAL,1.686649568454913,0.0005117687756644784,0.20833333333333334,True,
synthetic,B,CAL,,W2,na,40.26746752006024,OK_CONDITIONAL,0.020562646423233893,0.006686688001505914,0.20833333333333334,True,
synthetic,F,CAL,,W2,na,41.66704455338554,OK_CONDITIONAL,0.874455439212555,0.04167611383463843,0.20833333333333334,True,
synthetic,P,CAL,,W2,na,39.97952924897342,OK_CONDITIONAL,1.7141306702776793,0.0005117687756644784,0.20833333333333334,True,
synthetic,B,CAL,,W2,na,2350.914776567256,OK_CONDITIONAL,0.7915252229293924,57.7728694141814,0.20833333333333334,False,
synthetic,F,CAL,,W2,na,41.66704455338554,OK_CONDITIONAL,0.8728708397844057,0.04167611383463843,0.20833333333333334,True,
synthetic,P,CAL,,W2,na,39.97952924897342,OK_CONDITIONAL,0.2658270479613116,0.0005117687756644784,0.20833333333333334,True,
synthetic,B,CAL,,W2,na,2305.7610042380265,OK_CONDITIONAL,0.9051005678580153,56.64402510595066,0.20833333333333334,False,
synthetic,F,CAL,,W2,na,41.66704455338554,OK_CONDITIONAL,0.8758172383382551,0.04167611383463843,0.20833333333333334,True,
synthetic,P,CAL,,W2,na,39.97952924897342,OK_CONDITIONAL,0.29002488951254807,0.0005117687756644784,0.20833333333333334,True,
synthetic,B,CAL,,W2,na,1918.793297107819,OK_CONDITIONAL,0.960240823655051,46.96983242769547,0.20833333333333334,False,
synthetic,F,CAL,,W2,na,41.66704455338554,OK_CONDITIONAL,0.8754481671647695,0.04167611383463843,0.20833333333333334,True,
synthetic,P,CAL,,W2,na,39.97952924897342,OK_CONDITIONAL,0.28888911755113755,0.0005117687756644784,0.20833333333333334,True,
synthetic,B,CAL,,W2,na,2010.3540125376621,OK_CONDITIONAL,0.8359789510670884,49.258850313441556,0.20833333333333334,False,
synthetic,F,CAL,,W2,na,41.66704455338554,OK_CONDITIONAL,0.873392280461781,0.04167611383463843,0.20833333333333334,True,
synthetic,P,CAL,,W2,na,39.97952924897342,OK_CONDITIONAL,0.3053080443252536,0.0005117687756644784,0.20833333333333334,True,
synthetic,B,CAL,,W3,na,7.082605531181515,OK_CONDITIONAL,0.05551346550639383,0.41652110623630295,2.0,True,
synthetic,F,CAL,,W3,na,10.000898913408106,OK_CONDITIONAL,0.1261401216801825,1.0001797826816212,2.0,True,
synthetic,P,CAL,,W3,na,nan,BOUNDARY_SOLUTION,nan,nan,2.0,False,
synthetic,B,CAL,,W3,na,6.724583310894128,OK_CONDITIONAL,0.02376278716530747,0.34491666217882566,2.0,True,
synthetic,F,CAL,,W3,na,10.000898913408106,OK_CONDITIONAL,0.07333435641799906,1.0001797826816212,2.0,True,
synthetic,P,CAL,,W3,na,nan,BOUNDARY_SOLUTION,nan,nan,2.0,False,
synthetic,B,CAL,,W3,na,6.70197667535084,OK_CONDITIONAL,0.013157381968775864,0.34039533507016806,2.0,True,
synthetic,F,CAL,,W3,na,10.000898913408106,OK_CONDITIONAL,0.0668930398968392,1.0001797826816212,2.0,True,
synthetic,P,CAL,,W3,na,nan,BOUNDARY_SOLUTION,nan,nan,2.0,False,
synthetic,B,CAL,,W3,na,6.829384483076038,OK_CONDITIONAL,0.04305665513063571,0.3658768966152076,2.0,True,
synthetic,F,CAL,,W3,na,10.000898913408106,OK_CONDITIONAL,0.09510241248884478,1.0001797826816212,2.0,True,
synthetic,P,CAL,,W3,na,nan,BOUNDARY_SOLUTION,nan,nan,2.0,False,
synthetic,B,CAL,,W3,na,3257.7644047960393,OK_CONDITIONAL,0.5802468736686865,650.5528809592079,2.0,False,
synthetic,F,CAL,,W3,na,10.000898913408106,OK_CONDITIONAL,0.07018921636208807,1.0001797826816212,2.0,True,
synthetic,P,CAL,,W3,na,nan,BOUNDARY_SOLUTION,nan,nan,2.0,False,
synthetic,B,CAL,,W3,na,2907.501301641216,OK_CONDITIONAL,0.6653694862529694,580.5002603282431,2.0,False,
synthetic,F,CAL,,W3,na,10.000898913408106,OK_CONDITIONAL,0.14912276412178685,1.0001797826816212,2.0,True,
synthetic,P,CAL,,W3,na,nan,BOUNDARY_SOLUTION,nan,nan,2.0,False,
synthetic,B,CAL,,W3,na,3472.618137736943,OK_CONDITIONAL,0.5245985812212445,693.5236275473886,2.0,False,
synthetic,F,CAL,,W3,na,10.000898913408106,OK_CONDITIONAL,0.07453012500493383,1.0001797826816212,2.0,True,
synthetic,P,CAL,,W3,na,nan,BOUNDARY_SOLUTION,nan,nan,2.0,False,
synthetic,B,CAL,,W3,na,2328.602105678342,OK_CONDITIONAL,0.5347235593119867,464.7204211356684,2.0,False,
synthetic,F,CAL,,W3,na,10.000898913408106,OK_CONDITIONAL,0.09391612568574909,1.0001797826816212,2.0,True,
synthetic,P,CAL,,W3,na,nan,BOUNDARY_SOLUTION,nan,nan,2.0,False,
synthetic,B,CAL,,W3,na,3320.105176626576,OK_CONDITIONAL,0.6275664515581306,663.0210353253152,2.0,False,
synthetic,F,CAL,,W3,na,10.000898913408106,OK_CONDITIONAL,0.17296312871150507,1.0001797826816212,2.0,True,
synthetic,P,CAL,,W3,na,nan,BOUNDARY_SOLUTION,nan,nan,2.0,False,
synthetic,B,CAL,,W3,na,3687.729534435169,OK_CONDITIONAL,0.6970613468262182,736.5459068870339,2.0,False,
synthetic,F,CAL,,W3,na,10.000898913408106,OK_CONDITIONAL,0.11163979400756871,1.0001797826816212,2.0,True,
synthetic,P,CAL,,W3,na,nan,BOUNDARY_SOLUTION,nan,nan,2.0,False,
synthetic,B,CAL,,W3,na,2960.123709003003,OK_CONDITIONAL,0.7674396231196259,591.0247418006006,2.0,False,
synthetic,F,CAL,,W3,na,10.000898913408106,OK_CONDITIONAL,0.05567428466003287,1.0001797826816212,2.0,True,
synthetic,P,CAL,,W3,na,nan,BOUNDARY_SOLUTION,nan,nan,2.0,False,
synthetic,B,CAL,,W3,na,3953.7382926786886,OK_CONDITIONAL,0.48362610414982304,789.7476585357377,2.0,False,
synthetic,F,CAL,,W3,na,10.000898913408106,OK_CONDITIONAL,0.07172283139783134,1.0001797826816212,2.0,True,
synthetic,P,CAL,,W3,na,nan,BOUNDARY_SOLUTION,nan,nan,2.0,False,
synthetic,B,CAL,,W3,na,10.655423012079506,OK_CONDITIONAL,0.15399772469817744,0.06554230120795061,1.0,True,
synthetic,F,CAL,,W3,na,10.000898913408106,OK_CONDITIONAL,0.4637793993968093,8.989134081058837e-05,1.0,True,
synthetic,P,CAL,,W3,na,10.000898913408106,OK_CONDITIONAL,557.0772219866901,8.989134081058837e-05,1.0,True,
synthetic,B,CAL,,W3,na,10.686402522981838,OK_CONDITIONAL,0.15747480667510172,0.06864025229818385,1.0,True,
synthetic,F,CAL,,W3,na,10.000898913408106,OK_CONDITIONAL,0.4638622583106913,8.989134081058837e-05,1.0,True,
synthetic,P,CAL,,W3,na,10.000898913408106,OK_CONDITIONAL,557.07983179042,8.989134081058837e-05,1.0,True,
synthetic,B,CAL,,W3,na,10.623906760790916,OK_CONDITIONAL,0.15042662431394488,0.062390676079091635,1.0,True,
synthetic,F,CAL,,W3,na,10.000898913408106,OK_CONDITIONAL,0.46367388582875235,8.989134081058837e-05,1.0,True,
synthetic,P,CAL,,W3,na,10.000898913408106,OK_CONDITIONAL,557.0738767809348,8.989134081058837e-05,1.0,True,
synthetic,B,CAL,,W3,na,9.403799737039567,OK_CONDITIONAL,0.025997501329364795,0.05962002629604335,1.0,True,
synthetic,F,CAL,,W3,na,10.000898913408106,OK_CONDITIONAL,0.4608850354536377,8.989134081058837e-05,1.0,True,
synthetic,P,CAL,,W3,na,10.000898913408106,OK_CONDITIONAL,556.9755747453645,8.989134081058837e-05,1.0,True,
synthetic,B,CAL,,W3,na,3611.56213448136,OK_CONDITIONAL,0.5576188959155445,360.156213448136,1.0,False,
synthetic,F,CAL,,W3,na,10.000898913408106,OK_CONDITIONAL,0.45754077041580854,8.989134081058837e-05,1.0,True,
synthetic,P,CAL,,W3,na,10.000898913408106,OK_CONDITIONAL,0.06076817617029349,8.989134081058837e-05,1.0,True,
synthetic,B,CAL,,W3,na,3007.6861968786734,OK_CONDITIONAL,0.5732410875713632,299.76861968786733,1.0,False,
synthetic,F,CAL,,W3,na,10.000898913408106,OK_CONDITIONAL,0.4585215452503415,8.989134081058837e-05,1.0,True,
synthetic,P,CAL,,W3,na,10.000898913408106,OK_CONDITIONAL,0.06108578812955003,8.989134081058837e-05,1.0,True,
synthetic,B,CAL,,W3,na,2482.7206384031774,OK_CONDITIONAL,0.7429684637405655,247.27206384031774,1.0,False,
synthetic,F,CAL,,W3,na,10.000898913408106,OK_CONDITIONAL,0.4633353547862251,8.989134081058837e-05,1.0,True,
synthetic,P,CAL,,W3,na,10.000898913408106,OK_CONDITIONAL,0.07252757316985477,8.989134081058837e-05,1.0,True,
synthetic,B,CAL,,W3,na,2294.4931840399995,OK_CONDITIONAL,0.6596617452472637,228.44931840399994,1.0,False,
synthetic,F,CAL,,W3,na,10.000898913408106,OK_CONDITIONAL,0.46465555711216916,8.989134081058837e-05,1.0,True,
synthetic,P,CAL,,W3,na,10.000898913408106,OK_CONDITIONAL,0.06944719281525018,8.989134081058837e-05,1.0,True,
synthetic,B,CAL,,W3,na,2535.587767363613,OK_CONDITIONAL,0.6680143822531102,252.55877673636127,1.0,False,
synthetic,F,CAL,,W3,na,10.000898913408106,OK_CONDITIONAL,0.4614297713676325,8.989134081058837e-05,1.0,True,
synthetic,P,CAL,,W3,na,10.000898913408106,OK_CONDITIONAL,0.010770026292620184,8.989134081058837e-05,1.0,True,
synthetic,B,CAL,,W3,na,3754.189919696658,OK_CONDITIONAL,0.7553555311546671,374.4189919696658,1.0,False,
synthetic,F,CAL,,W3,na,10.000898913408106,OK_CONDITIONAL,0.4552805924961507,8.989134081058837e-05,1.0,True,
synthetic,P,CAL,,W3,na,10.000898913408106,OK_CONDITIONAL,0.009241886810880562,8.989134081058837e-05,1.0,True,
synthetic,B,CAL,,W3,na,3471.924647942759,OK_CONDITIONAL,0.6944982941361915,346.1924647942759,1.0,False,
synthetic,F,CAL,,W3,na,10.000898913408106,OK_CONDITIONAL,0.4592052676432793,8.989134081058837e-05,1.0,True,
synthetic,P,CAL,,W3,na,10.000898913408106,OK_CONDITIONAL,0.010197947057810703,8.989134081058837e-05,1.0,True,
synthetic,B,CAL,,W3,na,2990.321853538584,OK_CONDITIONAL,0.7282960366568232,298.0321853538584,1.0,False,
synthetic,F,CAL,,W3,na,10.000898913408106,OK_CONDITIONAL,0.46281212066589517,8.989134081058837e-05,1.0,True,
synthetic,P,CAL,,W3,na,10.000898913408106,OK_CONDITIONAL,0.01151113415073374,8.989134081058837e-05,1.0,True,
synthetic,B,CAL,,W3,na,19.72292417705639,OK_CONDITIONAL,0.06914761913019621,0.013853791147180416,0.5,True,
synthetic,F,CAL,,W3,na,20.00179782681621,OK_CONDITIONAL,0.49773347333246815,8.989134081058837e-05,0.5,True,
synthetic,P,CAL,,W3,na,20.00179782681621,OK_CONDITIONAL,557.1086913405749,8.989134081058837e-05,0.5,True,
synthetic,B,CAL,,W3,na,19.868865329686418,OK_CONDITIONAL,0.0575248996148297,0.006556733515679092,0.5,True,
synthetic,F,CAL,,W3,na,20.00179782681621,OK_CONDITIONAL,0.49820555372738196,8.989134081058837e-05,0.5,True,
synthetic,P,CAL,,W3,na,20.00179782681621,OK_CONDITIONAL,557.0215648668591,8.989134081058837e-05,0.5,True,
synthetic,B,CAL,,W3,na,20.20116944993564,OK_CONDITIONAL,0.0265124102819624,0.010058472496782045,0.5,True,
synthetic,F,CAL,,W3,na,20.00179782681621,OK_CONDITIONAL,0.4991547588398571,8.989134081058837e-05,0.5,True,
synthetic,P,CAL,,W3,na,20.00179782681621,OK_CONDITIONAL,556.8388261262102,8.989134081058837e-05,0.5,True,
synthetic,B,CAL,,W3,na,19.844937413745452,OK_CONDITIONAL,0.059585880273333294,0.007753129312727402,0.5,True,
synthetic,F,CAL,,W3,na,20.00179782681621,OK_CONDITIONAL,0.49812272984925626,8.989134081058837e-05,0.5,True,
synthetic,P,CAL,,W3,na,20.00179782681621,OK_CONDITIONAL,557.0370261706163,8.989134081058837e-05,0.5,True,
synthetic,B,CAL,,W3,na,2352.3776044549404,OK_CONDITIONAL,0.8217191752260012,116.61888022274702,0.5,False,
synthetic,F,CAL,,W3,na,20.00179782681621,OK_CONDITIONAL,0.5006396625725521,8.989134081058837e-05,0.5,True,
synthetic,P,CAL,,W3,na,20.00179782681621,OK_CONDITIONAL,0.2883261257314145,8.989134081058837e-05,0.5,True,
synthetic,B,CAL,,W3,na,2176.794515227855,OK_CONDITIONAL,0.9057802367427493,107.83972576139274,0.5,False,
synthetic,F,CAL,,W3,na,20.00179782681621,OK_CONDITIONAL,0.49903766133211286,8.989134081058837e-05,0.5,True,
synthetic,P,CAL,,W3,na,20.00179782681621,OK_CONDITIONAL,0.27464962078634597,8.989134081058837e-05,0.5,True,
synthetic,B,CAL,,W3,na,20.97897273388867,OK_CONDITIONAL,0.0708148498638878,0.04894863669443357,0.5,True,
synthetic,F,CAL,,W3,na,20.00179782681621,OK_CONDITIONAL,0.4982722864386984,8.989134081058837e-05,0.5,True,
synthetic,P,CAL,,W3,na,20.00179782681621,OK_CONDITIONAL,0.2884680095920344,8.989134081058837e-05,0.5,True,
synthetic,B,CAL,,W3,na,23.0546403918701,OK_CONDITIONAL,0.260046330900912,0.15273201959350508,0.5,True,
synthetic,F,CAL,,W3,na,20.00179782681621,OK_CONDITIONAL,0.4977332401537318,8.989134081058837e-05,0.5,True,
synthetic,P,CAL,,W3,na,20.00179782681621,OK_CONDITIONAL,0.30068541818368955,8.989134081058837e-05,0.5,True,
synthetic,B,CAL,,W3,na,3601.0994845926707,OK_CONDITIONAL,0.48806186872901486,179.05497422963353,0.5,False,
synthetic,F,CAL,,W3,na,20.00179782681621,OK_CONDITIONAL,0.49552156932795005,8.989134081058837e-05,0.5,True,
synthetic,P,CAL,,W3,na,20.00179782681621,OK_CONDITIONAL,0.05146908989932963,8.989134081058837e-05,0.5,True,
synthetic,B,CAL,,W3,na,2858.4872197066534,OK_CONDITIONAL,0.5763199549177587,141.92436098533267,0.5,False,
synthetic,F,CAL,,W3,na,20.00179782681621,OK_CONDITIONAL,0.4993293008520172,8.989134081058837e-05,0.5,True,
synthetic,P,CAL,,W3,na,20.00179782681621,OK_CONDITIONAL,0.045286001592230576,8.989134081058837e-05,0.5,True,
synthetic,B,CAL,,W3,na,2999.572163600441,OK_CONDITIONAL,0.6677091488169883,148.97860818002204,0.5,False,
synthetic,F,CAL,,W3,na,20.00179782681621,OK_CONDITIONAL,0.4968049458641134,8.989134081058837e-05,0.5,True,
synthetic,P,CAL,,W3,na,20.00179782681621,OK_CONDITIONAL,0.04745489974079926,8.989134081058837e-05,0.5,True,
synthetic,B,CAL,,W3,na,3101.207141086697,OK_CONDITIONAL,0.6309423202428142,154.06035705433484,0.5,False,
synthetic,F,CAL,,W3,na,20.00179782681621,OK_CONDITIONAL,0.49699143272383983,8.989134081058837e-05,0.5,True,
synthetic,P,CAL,,W3,na,20.00179782681621,OK_CONDITIONAL,0.04422602711147605,8.989134081058837e-05,0.5,True,
synthetic,B,CAL,,W3,na,39.9235901416723,OK_CONDITIONAL,0.031107662605776333,0.0019102464581925104,0.25,True,
synthetic,F,CAL,,W3,na,40.00359565363242,OK_CONDITIONAL,0.5006690936911808,8.989134081058837e-05,0.25,True,
synthetic,P,CAL,,W3,na,40.00359565363242,OK_CONDITIONAL,556.9849693184602,8.989134081058837e-05,0.25,True,
synthetic,B,CAL,,W3,na,39.93865286039864,OK_CONDITIONAL,0.005842024021114014,0.001533678490033985,0.25,True,
synthetic,F,CAL,,W3,na,40.00359565363242,OK_CONDITIONAL,0.5008744327721525,8.989134081058837e-05,0.25,True,
synthetic,P,CAL,,W3,na,40.00359565363242,OK_CONDITIONAL,556.702689707707,8.989134081058837e-05,0.25,True,
synthetic,B,CAL,,W3,na,39.93163849371253,OK_CONDITIONAL,0.030458821070979206,0.0017090376571866628,0.25,True,
synthetic,F,CAL,,W3,na,40.00359565363242,OK_CONDITIONAL,0.5006761784897777,8.989134081058837e-05,0.25,True,
synthetic,P,CAL,,W3,na,40.00359565363242,OK_CONDITIONAL,556.9753181048047,8.989134081058837e-05,0.25,True,
synthetic,B,CAL,,W3,na,40.072172411446275,OK_CONDITIONAL,0.01788177968346154,0.0018043102861568627,0.25,True,
synthetic,F,CAL,,W3,na,40.00359565363242,OK_CONDITIONAL,0.5007945509600447,8.989134081058837e-05,0.25,True,
synthetic,P,CAL,,W3,na,40.00359565363242,OK_CONDITIONAL,556.8132076517787,8.989134081058837e-05,0.25,True,
synthetic,B,CAL,,W3,na,40.64764079992103,OK_CONDITIONAL,0.02400153677065619,0.0161910199980257,0.25,True,
synthetic,F,CAL,,W3,na,40.00359565363242,OK_CONDITIONAL,0.5003877313980977,8.989134081058837e-05,0.25,True,
synthetic,P,CAL,,W3,na,40.00359565363242,OK_CONDITIONAL,1.16249077719453,8.989134081058837e-05,0.25,True,
synthetic,B,CAL,,W3,na,40.607445334692436,OK_CONDITIONAL,0.04835479541801483,0.015186133367310894,0.25,True,
synthetic,F,CAL,,W3,na,40.00359565363242,OK_CONDITIONAL,0.5001303275998644,8.989134081058837e-05,0.25,True,
synthetic,P,CAL,,W3,na,40.00359565363242,OK_CONDITIONAL,1.2511901475546452,8.989134081058837e-05,0.25,True,
synthetic,B,CAL,,W3,na,40.28037469187234,OK_CONDITIONAL,0.021291872727366525,0.007009367296808478,0.25,True,
synthetic,F,CAL,,W3,na,40.00359565363242,OK_CONDITIONAL,0.5005091476130893,8.989134081058837e-05,0.25,True,
synthetic,P,CAL,,W3,na,40.00359565363242,OK_CONDITIONAL,1.18459240571007,8.989134081058837e-05,0.25,True,
synthetic,B,CAL,,W3,na,40.463573101883235,OK_CONDITIONAL,0.020260061923758777,0.011589327547080863,0.25,True,
synthetic,F,CAL,,W3,na,40.00359565363242,OK_CONDITIONAL,0.5002936101467014,8.989134081058837e-05,0.25,True,
synthetic,P,CAL,,W3,na,40.00359565363242,OK_CONDITIONAL,1.1381656199836119,8.989134081058837e-05,0.25,True,
synthetic,B,CAL,,W3,na,2987.9853202741733,OK_CONDITIONAL,0.8576210304829611,73.69963300685433,0.25,False,
synthetic,F,CAL,,W3,na,40.00359565363242,OK_CONDITIONAL,0.5006457282304316,8.989134081058837e-05,0.25,True,
synthetic,P,CAL,,W3,na,40.00359565363242,OK_CONDITIONAL,0.19064888674059477,8.989134081058837e-05,0.25,True,
synthetic,B,CAL,,W3,na,43.83350036924898,OK_CONDITIONAL,0.13794458879127072,0.09583750923122451,0.25,True,
synthetic,F,CAL,,W3,na,40.00359565363242,OK_CONDITIONAL,0.501441327061548,8.989134081058837e-05,0.25,True,
synthetic,P,CAL,,W3,na,40.00359565363242,OK_CONDITIONAL,0.1816679556783138,8.989134081058837e-05,0.25,True,
synthetic,B,CAL,,W3,na,3177.851684902404,OK_CONDITIONAL,0.7108878522729873,78.4462921225601,0.25,False,
synthetic,F,CAL,,W3,na,40.00359565363242,OK_CONDITIONAL,0.5006530567214703,8.989134081058837e-05,0.25,True,
synthetic,P,CAL,,W3,na,40.00359565363242,OK_CONDITIONAL,0.18389248333386646,8.989134081058837e-05,0.25,True,
synthetic,B,CAL,,W3,na,2031.2859634782437,OK_CONDITIONAL,0.8729226138253222,49.782149086956096,0.25,False,
synthetic,F,CAL,,W3,na,40.00359565363242,OK_CONDITIONAL,0.5046779741786783,8.989134081058837e-05,0.25,True,
synthetic,P,CAL,,W3,na,40.00359565363242,OK_CONDITIONAL,0.1914315332209091,8.989134081058837e-05,0.25,True,
observed,B,SiC,10,W1,raw,8.19504217681514,OK_CONDITIONAL,0.312687464815828,,,,0.0004963999963365495
observed,F,SiC,10,W1,raw,10.000901915395268,OK_CONDITIONAL,0.7262929927928813,,,,0.0003730999887920916
observed,P,SiC,10,W1,raw,8.56077203957835,OK_CONDITIONAL,7.52846311466855e-05,,,,0.051676000002771616
observed,B,SiC,10,W1,reasoned,8.19504217681514,OK_CONDITIONAL,0.312687464815828,,,,0.0003479000006336719
observed,F,SiC,10,W1,reasoned,10.000901915395268,OK_CONDITIONAL,0.7262929927928813,,,,0.00032160000409930944
observed,P,SiC,10,W1,reasoned,8.56077203957835,OK_CONDITIONAL,7.52846311466855e-05,,,,0.05072120000841096
observed,B,SiC,10,W2,raw,21.496391981625017,OK_CONDITIONAL,0.07943370639865786,,,,0.00040339998668059707
observed,F,SiC,10,W2,raw,20.83352227669277,OK_CONDITIONAL,0.641438776445791,,,,0.0004113999893888831
observed,P,SiC,10,W2,raw,19.958514341071673,OK_CONDITIONAL,0.002690548216728487,,,,0.057529999990947545
observed,B,SiC,10,W2,reasoned,21.496391981625017,OK_CONDITIONAL,0.07943370639865786,,,,0.00037009999505244195
observed,F,SiC,10,W2,reasoned,20.83352227669277,OK_CONDITIONAL,0.641438776445791,,,,0.00037560000782832503
observed,P,SiC,10,W2,reasoned,19.958514341071673,OK_CONDITIONAL,0.002690548216728487,,,,0.053963600017596036
observed,B,SiC,10,W3,raw,1446.3793102424775,OK_CONDITIONAL,0.9411006710111413,,,,0.0003493999829515815
observed,F,SiC,10,W3,raw,20.00179782681621,OK_CONDITIONAL,0.5130719815428617,,,,0.0003239999932702631
observed,P,SiC,10,W3,raw,19.761776252894418,OK_CONDITIONAL,0.00495229611793379,,,,0.04820520000066608
observed,B,SiC,10,W3,reasoned,1446.3793102424775,OK_CONDITIONAL,0.9411006710111413,,,,0.0003451000084169209
observed,F,SiC,10,W3,reasoned,20.00179782681621,OK_CONDITIONAL,0.5130719815428617,,,,0.00031740000122226775
observed,P,SiC,10,W3,reasoned,19.761776252894418,OK_CONDITIONAL,0.00495229611793379,,,,0.04826579999644309
observed,B,SiC,15,W1,raw,8.171142985271365,OK_CONDITIONAL,0.3122672987282537,,,,0.00042929998016916215
observed,F,SiC,15,W1,raw,10.000901915395268,OK_CONDITIONAL,0.7277498851658787,,,,0.00035940000088885427
observed,P,SiC,15,W1,raw,8.56077203957835,OK_CONDITIONAL,7.701766652941656e-05,,,,0.04740680000395514
observed,B,SiC,15,W1,reasoned,8.016579374682747,OK_CONDITIONAL,0.1811819468906044,,,,0.0003417999832890928
observed,F,SiC,15,W1,reasoned,10.0002043531535,OK_CONDITIONAL,0.7280938925171002,,,,0.0003397999971639365
observed,P,SiC,15,W1,reasoned,8.140166343466948,OK_CONDITIONAL,4.807498871559755e-05,,,,0.04334979999111965
observed,B,SiC,15,W2,raw,2918.329851755242,OK_CONDITIONAL,0.8464453569533193,,,,0.0004045999958179891
observed,F,SiC,15,W2,raw,20.83352227669277,OK_CONDITIONAL,0.7164551654537523,,,,0.0003529000096023083
observed,P,SiC,15,W2,raw,19.833513207411514,OK_CONDITIONAL,0.002370850945849526,,,,0.05666520001250319
observed,B,SiC,15,W2,reasoned,2918.329851755242,OK_CONDITIONAL,0.8464453569533193,,,,0.0003969999961555004
observed,F,SiC,15,W2,reasoned,20.83352227669277,OK_CONDITIONAL,0.7164551654537523,,,,0.00039850000757724047
observed,P,SiC,15,W2,reasoned,19.833513207411514,OK_CONDITIONAL,0.002370850945849526,,,,0.05533190001733601
observed,B,SiC,15,W3,raw,1114.747147921053,OK_CONDITIONAL,0.9696966441499301,,,,0.00034779999987222254
observed,F,SiC,15,W3,raw,20.00179782681621,OK_CONDITIONAL,0.5440296215712337,,,,0.0003142000059597194
observed,P,SiC,15,W3,raw,19.4917519822324,OK_CONDITIONAL,0.0030830247046217435,,,,0.0465144999907352
observed,B,SiC,15,W3,reasoned,1114.747147921053,OK_CONDITIONAL,0.9696966441499301,,,,0.0003352999920025468
observed,F,SiC,15,W3,reasoned,20.00179782681621,OK_CONDITIONAL,0.5440296215712337,,,,0.0003350999904796481
observed,P,SiC,15,W3,reasoned,19.4917519822324,OK_CONDITIONAL,0.0030830247046217435,,,,0.049646500003291294
observed,B,Si,10,W1,raw,13.157497005185823,OK_CONDITIONAL,0.11606168292716422,,,,0.0005281000048853457
observed,F,Si,10,W1,raw,15.001352873092902,OK_CONDITIONAL,0.8414652094007739,,,,0.00040309998439624906
observed,P,Si,10,W1,raw,13.246194586941034,OK_CONDITIONAL,0.0008730051573710826,,,,0.05677080000168644
observed,B,Si,10,W1,reasoned,13.157497005185823,OK_CONDITIONAL,0.11606168292716422,,,,0.00041909998981282115
observed,F,Si,10,W1,reasoned,15.001352873092902,OK_CONDITIONAL,0.8414652094007739,,,,0.0004181999829597771
observed,P,Si,10,W1,reasoned,13.246194586941034,OK_CONDITIONAL,0.0008730051573710826,,,,0.05755779999890365
observed,B,Si,10,W2,raw,11.652487054980325,OK_CONDITIONAL,0.08476903040774407,,,,0.0004143000114709139
observed,F,Si,10,W2,raw,12.500113366015661,OK_CONDITIONAL,0.7056845649470382,,,,0.0004865999799221754
observed,P,Si,10,W2,raw,11.712606223956675,OK_CONDITIONAL,0.0002968059200323581,,,,0.06459419999737293
observed,B,Si,10,W2,reasoned,11.652487054980325,OK_CONDITIONAL,0.08476903040774407,,,,0.0004177000082563609
observed,F,Si,10,W2,reasoned,12.500113366015661,OK_CONDITIONAL,0.7056845649470382,,,,0.00043909999658353627
observed,P,Si,10,W2,reasoned,11.712606223956675,OK_CONDITIONAL,0.0002968059200323581,,,,0.07234720000997186
observed,B,Si,10,W3,raw,396.9066509071488,OK_CONDITIONAL,0.9226619742654718,,,,0.001135800004703924
observed,F,Si,10,W3,raw,10.000898913408106,OK_CONDITIONAL,0.7532197436106567,,,,0.0004791000101249665
observed,P,Si,10,W3,raw,11.62104453738022,OK_CONDITIONAL,0.00042444830542835065,,,,0.06471720000263304
observed,B,Si,10,W3,reasoned,396.9066509071488,OK_CONDITIONAL,0.9226619742654718,,,,0.0013632000191137195
observed,F,Si,10,W3,reasoned,10.000898913408106,OK_CONDITIONAL,0.7532197436106567,,,,0.0005311999993864447
observed,P,Si,10,W3,reasoned,11.62104453738022,OK_CONDITIONAL,0.00042444830542835065,,,,0.06243369998992421
observed,B,Si,15,W1,raw,12.303782653023468,OK_CONDITIONAL,0.055432276891427434,,,,0.0005960999988019466
observed,F,Si,15,W1,raw,15.001352873092902,OK_CONDITIONAL,0.8468861557009744,,,,0.0004888999974355102
observed,P,Si,15,W1,raw,13.201190528321753,OK_CONDITIONAL,0.0008039081583997435,,,,0.05694099998800084
observed,B,Si,15,W1,reasoned,12.303782653023468,OK_CONDITIONAL,0.055432276891427434,,,,0.0004403999773785472
observed,F,Si,15,W1,reasoned,15.001352873092902,OK_CONDITIONAL,0.8468861557009744,,,,0.00042600001324899495
observed,P,Si,15,W1,reasoned,13.201190528321753,OK_CONDITIONAL,0.0008039081583997435,,,,0.05796969999209978
observed,B,Si,15,W2,raw,11.97163919522746,OK_CONDITIONAL,0.02333819866271092,,,,0.000658600009046495
observed,F,Si,15,W2,raw,12.500113366015661,OK_CONDITIONAL,0.7412869737435336,,,,0.000495800020871684
observed,P,Si,15,W2,raw,11.675105883858627,OK_CONDITIONAL,0.0003824860586929648,,,,0.06819779999204911
observed,B,Si,15,W2,reasoned,11.97163919522746,OK_CONDITIONAL,0.02333819866271092,,,,0.0004130000015720725
observed,F,Si,15,W2,reasoned,12.500113366015661,OK_CONDITIONAL,0.7412869737435336,,,,0.00044800000614486635
observed,P,Si,15,W2,reasoned,11.675105883858627,OK_CONDITIONAL,0.0003824860586929648,,,,0.06736600000294857
observed,B,Si,15,W3,raw,183.09463832099107,OK_CONDITIONAL,0.954336753374784,,,,0.00040779999108053744
observed,F,Si,15,W3,raw,10.000898913408106,OK_CONDITIONAL,0.7046765183798384,,,,0.00037540000630542636
observed,P,Si,15,W3,raw,11.54603779552966,OK_CONDITIONAL,0.0004450010671901809,,,,0.05700590001652017
observed,B,Si,15,W3,reasoned,183.09463832099107,OK_CONDITIONAL,0.954336753374784,,,,0.00041080001392401755
observed,F,Si,15,W3,reasoned,10.000898913408106,OK_CONDITIONAL,0.7046765183798384,,,,0.0003969999961555004
observed,P,Si,15,W3,reasoned,11.54603779552966,OK_CONDITIONAL,0.0004450010671901809,,,,0.06117380000068806
